source,original_bridge_id,database_bms_bridge_id,chainage,bridge_side,bridge_no,highway_no,bridge_identity_no,popular_name
"old_dump","1","10001","891+929","LHS","1052+429","NH27","RJRJ-09NNH27891+929",""
"old_dump","2","10002","969+900","LHS","970/1","NH27","RJRJ-09NNH27969+900","100"
"old_dump","3","10003","969+900","LHS","970/1","NH27","RJRJ-09NNH27969+900","100"
"old_dump","4","10004","158+000","LHS","158/01","NH02","MHMH-15NNH02158+000","158+000"
"old_dump","5","10005","967+030","LHS","969/1","NH27","RJRJ-09NNH27967+030","967030"
"old_dump","6","10006","79+520","LHS","79+520","NH-44","MHMH-32NNH-44079+520","Vena river bridge"
"old_dump","7","10007","109+910","LHS","109","nh-44","MHMH-31Nnh-44109+910","RIVER BRIDGE"
"old_dump","8","10008","79+520 MJB","RHS","79/2","NH44","MHMH-32NNH4479+520 ","79520"
"old_dump","9","10009","79+520 MJB RHS","RHS","79/2","NH44","MHMH-32NNH4479+520 ","79520"
"old_dump","10","10010","100100","LHS","123456","123456","WB-WB-01123456100100","a"
"old_dump","11","10011","100100","LHS","123456","123456A","WBWB-01N123456A0100100","Dahisar Bridge"
"old_dump","12","10012","892+515","LHS","893/6","NH-27","RJRJ-20NNH-27892+515","Choudhary multi speciality hospital"
"old_dump","13","10013","894+285","LHS","895/2","NH 27","RJRJ-20NNH 27894+285","Sonmangri ka devra segwa"
"old_dump","14","10014","894+285","RHS","895/2","NH 27","RJRJ-20NNH 27894+285","Sonmangri ka devra segwa"
"old_dump","15","10015","897+060","LHS","898/1","NH 27","RJRJ-20NNH 27897+060","Ahimsa Nagar"
"old_dump","16","10016","897+060","RHS","898/1","NH 27","RJRJ-20NNH 27897+060","Ahimsa Nagar"
"old_dump","17","10017","897+372  LHS    ROB","LHS","898/4","NH-27","RJRJ-20NNH-27897+372","897+372"
"old_dump","18","10018","897+372  RHS  ROB","RHS","898/4","NH-27","RJRJ-20NNH-27897+372","897+372"
"old_dump","19","10019","898+780","LHS","899/1","NH-27","RJRJ-20NNH-27898+780","Ahimsa Nagar"
"old_dump","20","10020","898+780","RHS","899/1","NH-27","RJRJ-20NNH-27898+780","chittauri"
"old_dump","21","10021","899+800","RHS","903/2","NH-27","RJRJ-20NNH-27899+800","kari (lbu)"
"old_dump","22","10022","899+800","LHS","903/2","NH-27","RJRJ-20NNH-27899+800","kari (lbu)"
"old_dump","23","10023","901+270","LHS","902/2","NH-27","RJRJ-20NNH-27901+270","Eral"
"old_dump","24","10024","902+200","LHS","903/2","NH-27","RJRJ-20NNH-27902+200","chittauri"
"old_dump","25","10025","926+250","LHS","927/1","NH-27","RJRJ-20NNH-27926+250","926+250"
"old_dump","26","10026","902+200","RHS","903/2","NH-27","RJRJ-20NNH-27902+200","chittauri"
"old_dump","27","10027","926+250","LHS","927/1","NH-27","RJRJ-09NNH-27926+250","CH-926+250"
"old_dump","28","10028","901+270","RHS","902/2","NH-27","RJRJ-20NNH-27901+270","Eral"
"old_dump","29","10029","926+250","RHS","927/1","NH-27","RJRJ-09NNH-27926+250","927/1"
"old_dump","30","10030","950+820","LHS","951/2","NH-27","RJRJ-20NNH-27950+820","950+820"
"old_dump","31","10031","950+820","RHS","951/2","NH-27","RJRJ-20NNH-27950+820","950+820"
"old_dump","32","10032","929+030","LHS","930/1","NH-27","RJRJ-20NNH-27929+030","930/1"
"old_dump","33","10033","914+260","LHS","915/1","NH-27","RJRJ-20NNH-27914+260","Government primary school"
"old_dump","34","10034","1010+420","LHS","1011/3","NH-27","RJRJ-20NNH-271010+42","Nala ka mataji temple"
"old_dump","35","10035","914+260","RHS","915/1","NH-27","RJRJ-20NNH-27914+260","Government primary school"
"old_dump","36","10036","929+030","RHS","927/1","930/1","RJRJ-09N930/1929+030","930/1"
"old_dump","37","10037","1010+420","RHS","1011/3","NH-27","RJRJ-20NNH-271010+42","Nala ka mataji temple"
"old_dump","38","10038","965+680","LHS","966/1","NH-27","RJRJ-20NNH-27965+680","965+680"
"old_dump","39","10039","1010+560","LHS","1011/2","NH-27","RJRJ-20NNH-271010+56","Nala ka mataji temple"
"old_dump","40","10040","965+680","RHS","966/1","NH-27","RJRJ-20NNH-27965+680","965+680"
"old_dump","41","10041","938+250","LHS","939/2","NH-27","RJRJ-09NNH-27938+250","939/2"
"old_dump","42","10042","1010+560","RHS","1011/2","NH-27","RJRJ-20NNH-271010+56","Nala ka mataji temple"
"old_dump","43","10043","1002+580","LHS","1003/2","NH-27","RJRJ-20NNH-271002+58","1002+580"
"old_dump","44","10044","938+250","RHS","939/2","NH-27","RJRJ-20NNH-27938+250","939/2"
"old_dump","45","10045","1002+580","RHS","1003/2","NH-27","RJRJ-20NNH-271002+58","1002+580"
"old_dump","46","10046","1006+100","LHS","1007/2","NH-27","RJRJ-20NNH-271006+10","Near to Shri Nikhant Mahadev Temple"
"old_dump","47","10047","1006+100","RHS","1007/2","NH-27","RJRJ-20NNH-271006+10","Near to Shri Nikhant Mahadev Temple"
"old_dump","48","10048","969+900","LHS","970/1","NH-27","RJRJ-20NNH-27969+900","Near to Menali River"
"old_dump","49","10049","969+900","RHS","970/1","NH-27","RJRJ-20NNH-27969+900","Near to Menali River"
"old_dump","50","10050","940+500","LHS","941/2","NH-27","RJRJ-09NNH-27940+500","941/2"
"old_dump","51","10051","940+500","RHS","941/2","NH-27","RJRJ-09NNH-27940+500","941/2"
"old_dump","52","10052","941+300","LHS","942/1","NH-27","RJRJ-09NNH-27941+300","942/1"
"old_dump","53","10053","941+300","RHS","942/1","NH-27","RJRJ-09NNH-27941+300","942/1"
"old_dump","54","10054","943+240","RHS","944/1","NH-27","RJRJ-09NNH-27943+240","943+240"
"old_dump","55","10055","943+240","LHS","944/1","NH-27","RJRJ-09NNH-27943+240","943+240"
"old_dump","56","10056","943+400","LHS","944/2","NH-27","RJRJ-09NNH-27943+400","944/2"
"old_dump","57","10057","943+400","RHS","944/2","NH-27","RJRJ-20NNH-27943+400","944/2"
"old_dump","58","10058","946+200","LHS","947/1","NH-27","RJRJ-09NNH-27946+200","947/1"
"old_dump","59","10059","974+880","LHS","974/5","NH-27","RJRJ-20NNH-27974+880","Near to Devnarayan Temple"
"old_dump","60","10060","1016+930","LHS","1017/2","NH-27","RJRJ-20NNH-271016+93","Murali enterprises, Dhorela"
"old_dump","61","10061","946+200","RHS","947/1","NH-27","RJRJ-09NNH-27946+200","947/1"
"old_dump","62","10062","946+350","LHS","947/2","NH-27","RJRJ-09NNH-27946+350","947/2"
"old_dump","63","10063","974+880","RHS","974/5","NH-27","RJRJ-20NNH-27974+880","Near to Devnarayan Temple"
"old_dump","64","10064","1016+930","RHS","1017/2","NH-27","RJRJ-20NNH-271016+93","Murali enterprises, Dhorela"
"old_dump","65","10065","946+350","RHS","947/2","947/2","RJRJ-09N947/2946+350","947/1"
"old_dump","66","10066","1027+400","LHS","1028/1","NH-27","RJRJ-20NNH-271027+40","Mehraj enterprises tata showroom.Sutdi"
"old_dump","67","10067","952+100","LHS","953/2","NH-27","RJRJ-20NNH-27952+100","Near Shree Dev Narayan Temple"
"old_dump","68","10068","1027+400","RHS","1028/1","NH-27","RJRJ-20NNH-271027+40","Mehraj enterprises tata showroom.Sutdi"
"old_dump","69","10069","952+100","RHS","953/2","NH-27","RJRJ-20NNH-27952+100","Near Shree Dev Narayan Temple"
"old_dump","70","10070","906+860","LHS","907/6","NH-27","RJRJ-20NNH-27906+860","SEMALPURA"
"old_dump","71","10071","906+860","RHS","907/6","NH-27","RJRJ-20NNH-27906+860","SEMALPURA"
"old_dump","72","10072","1027+740","LHS","1028/2","NH-27","RJRJ-20NNH-271027+74","Mehraj enterprises tata showroom.Sutdi"
"old_dump","73","10073","917+750 LHS MNB","LHS","917/2","NH-27","RJRJ-20NNH-27917+750",""
"old_dump","74","10074","967+030","LHS","967/2","NH-27","RJRJ-20NNH-27967+030","967+030"
"old_dump","75","10075","1027+740","RHS","1028/2","NH-27","RJRJ-20NNH-271027+74","Murali enterprises, Dhorela"
"old_dump","76","10076","916+750","LHS","917/2","NH-27","RJRJ-20NNH-27916+750","Anvalhera"
"old_dump","77","10077","967+030","RHS","967/2","NH-27","RJRJ-20NNH-27967+030","967+030"
"old_dump","78","10078","1032+420","LHS","1033/4","NH-27","RJRJ-20NNH-271032+42","Dhaneshwar"
"old_dump","79","10079","1032+420","RHS","1033/4","NH-27","RJRJ-20NNH-271032+42","Dhaneshwar"
"old_dump","80","10080","916+750","RHS","917/2","NH-27","RJRJ-20NNH-27916+750","Anvalhera"
"old_dump","81","10081","968+730 LHS","LHS","969/1","NH-27","RJRJ-20NNH-27968+730","968+730"
"old_dump","82","10082","1039+200","LHS","1040/1","NH-27","RJRJ-20NNH-271039+20","Dhaneshwar"
"old_dump","83","10083","1039+200","RHS","1040/1","NH-27","RJRJ-20NNH-271039+20","Dhaneshwar"
"old_dump","84","10084","968+730","RHS","969/1","NH-27","RJRJ-20NNH-27968+730","968+730"
"old_dump","85","10085","917+650","LHS","918/4","NH-27","RJRJ-20NNH-27917+650","Anvalhera"
"old_dump","86","10086","917+650","RHS","918/4","NH-27","RJRJ-20NNH-27917+650","Anvalhera"
"old_dump","87","10087","1039+350","LHS","1039/1","NH-27","RJRJ-20NNH-271039+35","Dev Darbar"
"old_dump","88","10088","1039+350","RHS","1039/1","NH-27","RJRJ-20NNH-271039+35","Dev Darbar"
"old_dump","89","10089","1024+000","LHS","1025/1","NH-27","RJRJ-20NNH-271024+00","Nakoda Bhawan"
"old_dump","90","10090","1024+000","RHS","1025/1","NH-27","RJRJ-20NNH-271024+00","Nakoda Bhawan"
"old_dump","91","10091","975+500","LHS","976/2","NH-27","RJRJ-20NNH-27975+500","Police choki  ladpura"
"old_dump","92","10092","975+500","RHS","976/2","NH-27","RJRJ-20NNH-27975+500","Police choki ladpura"
"old_dump","93","10093","917+700","LHS","918/5","NH-27","RJRJ-20NNH-27917+700","Anvalhera"
"old_dump","94","10094","897+372","LHS","898/4","NH-27","RJRJ-20NNH-27897+372","Ahimsa Nagar"
"old_dump","95","10095","917+700","RHS","918/5","NH-27","RJRJ-20NNH-27917+700","Anvalhera"
"old_dump","96","10096","897+372","RHS","898/4","NH-27","RJRJ-20NNH-27897+372","Ahimsa Nagar"
"old_dump","97","10097","930+450","LHS","931/1","NH-27","RJRJ-20NNH-27930+450","Samudayik bhawan"
"old_dump","98","10098","930+450","RHS","931/1","NH-27","RJRJ-20NNH-27930+450","Samudayik bhawan"
"old_dump","99","10099","917+980","LHS","919/1","NH-27","RJRJ-20NNH-27917+980","Anvalhera"
"old_dump","100","10100","917+980","RHS","919/1","NH-27","RJRJ-20NNH-27917+980","Anvalhera"
"old_dump","101","10101","920+200","LHS","920/1","NH-27","RJRJ-20NNH-27920+200","State school"
"old_dump","102","10102","920+200","RHS","920/1","NH-27","RJRJ-20NNH-27920+200","State school"
"old_dump","103","10103","922+000","LHS","923/1","NH-27","RJRJ-20NNH-27922+000","Baldakha"
"old_dump","104","10104","922+000","RHS","923/1","NH-27","RJRJ-20NNH-27922+000","Baldakha"
"old_dump","105","10105","924+690","LHS","925/2","NH-27","RJRJ-20NNH-27924+690","Bssi"
"old_dump","106","10106","924+690","RHS","925/2","NH-27","RJRJ-20NNH-27924+690","Bssi"
"old_dump","107","10107","1309+500","LHS","1309/1","NH-27","MPMP-33NNH-271309+50","Near to Indian Oil Filling station"
"old_dump","108","10108","1309+500","RHS","1309/1","NH-27","MPMP-33NNH-271309+50","Near to Indian Oil Filling station"
"old_dump","109","10109","1310300","LHS","001","027ZZ","MP-MP-33027ZZ1310300","Near Government Office."
"old_dump","110","10110","1310300","RHS","002","027ZZ","MP-MP-33027ZZ1310300","Near Government Office."
"old_dump","111","10111","1342+600","LHS","1343/1","up-93","UPUP-93Nup-931342+60","karera"
"old_dump","112","10112","1313900","LHS","01","027ZZ","MP-MP-33027ZZ1313900","Near Bharkuli Gate Madhav Tiger Reserve"
"old_dump","113","10113","1313900","RHS","02","027ZZ","MP-MP-33027ZZ1313900","Near Bharkuli Gate Madhav Tiger Reserve"
"old_dump","114","10114","905+300","LHS","906/1","NH-27","RJRJ-20NNH-27905+300","bhairoosing ka khera"
"old_dump","115","10115","905+300","RHS","906/1","NH-27","RJRJ-20NNH-27905+300","bhairoosing ka khera"
"old_dump","116","10116","1342+600","RHS","1343/1","UP-93","UPUP-93NUP-931342+60","karera"
"old_dump","117","10117","1366+600","LHS","1367/1","NH-27","UPUP-93NNH-271366+60","Kudraya,Madya Pradesh"
"old_dump","118","10118","1366+600","RHS","1367/1","NH-27","UPUP-93NNH-271366+60","Kudraya,Madya Pradesh"
"old_dump","119","10119","000000","LHS","000","00000","MHMH-02N000000000000","Dahisar Bridge"
"old_dump","120","10120","1367+900","LHS","1368/1","NH-27","UPUP-93NNH-271367+90","Kudraya,Madya Pradesh"
"old_dump","121","10121","1367+900","RHS","1368/1","NH-27","UPUP-93NNH-271367+90","Kudraya,Madya Pradesh"
"old_dump","122","10122","1370900","LHS","001","027ZZ","UP-UP-93027ZZ1370900","Kudraya,Madya Pradesh"
"old_dump","123","10123","1370900","RHS","002","027ZZ","UP-UP-93027ZZ1370900","shrekrishna milk dairy, Dagarwaha"
"old_dump","124","10124","1329+900","LHS","1330/1","NH-27","MPMP-33NNH-271329+90","Shri Ram Filling Station"
"old_dump","125","10125","1329+900","RHS","1330/1","NH-27","MPMP-33NNH-271329+90","Shri Ram Filling Station"
"old_dump","126","10126","1330+900","LHS","1331/1","NH-27","MPMP-33NNH-271330+90","Shri Ram Filling Station"
"old_dump","127","10127","1330+900","RHS","1331/1","NH-27","MPMP-33NNH-271330+90","Shri Ram Filling Station"
"old_dump","128","10128","1015+300","LHS","1016/1","NH-27","RJRJ-20NNH-271015+30","Dhorela"
"old_dump","129","10129","1346+500","LHS","1347/1","UP-93","UPUP-93NUP-931346+50","karera"
"old_dump","130","10130","1015+300","RHS","1016/1","NH-27","RJRJ-20NNH-271015+30","Dhorela"
"old_dump","131","10131","1022+850","LHS","1023/2","NH-27","RJRJ-20NNH-271022+85","Dabi, Rajastan"
"old_dump","132","10132","1346+500","RHS","1347/1","UP-93","UPUP-93NUP-931346+50","karera"
"old_dump","133","10133","1015+300","RHS","1016/1","NH-27","RJRJ-20NNH-271015+30","Dabi, Rajastan"
"old_dump","134","10134","1022+850","RHS","1023/2","NH-27","RJRJ-20NNH-271022+85","Dabi, Rajastan"
"old_dump","135","10135","1347+800","LHS","1348/3","NH-27","MPMP-33NNH-271347+80","khadpura"
"old_dump","136","10136","1347+800","RHS","1348/3","NH-27","MPMP-33NNH-271347+80","khadpura"
"old_dump","137","10137","1359+600","LHS","1360/2","NH-27","MPMP-33NNH-271359+60","Dr.preeti global university"
"old_dump","138","10138","1359+600","LHS","1360/2","NH-27","MPMP-33NNH-271359+60","Dr.preeti global university"
"old_dump","139","10139","1375400","LHS","01","027ZZ","UPUP-93N027ZZ1375400","Raksa, Uttar Pradesh."
"old_dump","140","10140","1375400","RHS","02","027ZZ","UPUP-93N027ZZ1375400","Raksa, Uttar Pradesh."
"old_dump","141","10141","1377900","LHS","01","027ZZ","UPUP-93N027ZZ1377900","Jhanshi, UP"
"old_dump","142","10142","1360+800","LHS","1361/3","UP-93","UPUP-93NUP-931360+80","ganj dinara"
"old_dump","143","10143","1377900","RHS","02","027ZZ","UPUP-93N027ZZ1377900","Jhanshi, UP"
"old_dump","144","10144","1360+800","RHS","1361/3","UP-93","UPUP-93NUP-931360+80","ganj dinara"
"old_dump","145","10145","123456","LHS","123456","123456","MHMH-01E1234560123456","Dahisar Bridge"
"old_dump","146","10146","1010+560","LHS","1011/2","NH-27","RJRJ-20NNH-271010+56","Service Road"
"old_dump","147","10147","1010+560","RHS","1011/2","NH-27","RJRJ-20NNH-271010+56","Service Road"
"old_dump","148","10148","1010+560 SR","LHS","1011/2","NH-27","RJRJ-20NNH-271010+56","LHS SERVICE ROAD"
"old_dump","149","10149","1010+560 SR","RHS","1011/2","NH-27","RJRJ-20NNH-271010+56","RHS SERVICE ROAD"
"old_dump","150","10150","12345","LHS","0123","12345","MHMH-01E123450012345","Dahisar Bridge"
"old_dump","151","10151","1010+420 SR","RHS","1011/3","NH-27","RJRJ-20NNH-271010+42","service road RHS"
"old_dump","152","10152","123456","LHS","123456","1233","MHMH-01E12330123456","LHS SERVICE ROAD"
"old_dump","153","10153","1010+420 SR","LHS","1011/4","NH-27","RJRJ-20NNH-271010+42","service road LHS"
"old_dump","154","10154","1016+930 SR","RHS","1017/2","NH-27","RJRJ-20NNH-271016+93","service road RHS"
"old_dump","155","10155","1016+930 SR","LHS","1017/2","NH-27","RJRJ-20NNH-271016+93","service road LHS"
"old_dump","156","10156","0089358","LHS","001","NH44","MH-MH-32NH440089358","89+358"
"old_dump","157","10157","100100","LHS","123","123456","MHMH-01E1234560100100","LHS SERVICE ROAD"
"old_dump","158","10158","1234567","LHS","123","30A","DLDL-1N30A1234567","Dahisar Bridge"
"old_dump","159","10159","0094350","LHS","001","044ZZ","MHMH-32N044ZZ0094350","Wadner PUP"
"old_dump","160","10160","0094350","RHS","002","044ZZ","MHMH-32N044ZZ0094350","Wadner PUP"
"old_dump","161","10161","0099626","LHS","001","044ZZ","MHMH-32N044ZZ0099626","Pipri PUP"
"old_dump","162","10162","0099626","RHS","002","044ZZ","MHMH-32N044ZZ0099626","Pipri PUP"
"old_dump","163","10163","0169391","LHS","001","044ZZ","MHMH-49N044ZZ0169391","Borkhedi PUP"
"old_dump","164","10164","0169391","RHS","002","044ZZ","MHMH-49N044ZZ0169391","Borkhedi PUP"
"old_dump","165","10165","0159015","LHS","001","044ZZ","MHMH-49N044ZZ0159015","Dhoki PUP"
"old_dump","166","10166","0159015","RHS","002","044ZZ","MHMH-49N044ZZ0159015","Dhoki PUP"
"old_dump","167","10167","0157718","LHS","001","044ZZ","MHMH-49N044ZZ0157718","Marath Wakadi PUP"
"old_dump","168","10168","0157718","RHS","002","044ZZ","MHMH-49N044ZZ0157718","Marath Wakadi PUP"
"old_dump","169","10169","0153379","LHS","001","044ZZ","MHMH-29N044ZZ0153379","Kelapur PUP"
"old_dump","170","10170","0153379","RHS","002","044ZZ","MHMH-29N044ZZ0153379","Kelapur PUP"
"old_dump","171","10171","0148912","LHS","001","044ZZ","MHMH-29N044ZZ0148912","Pandharkawada PUP"
"old_dump","172","10172","0148912","RHS","002","044ZZ","MHMH-29N044ZZ0148912","Pandharkawada PUP"
"old_dump","173","10173","0147580","LHS","001","044ZZ","MHMH-29N044ZZ0147580","Pimpari Road PUP"
"old_dump","174","10174","0147580","RHS","002","044ZZ","MHMH-29N044ZZ0147580","Pimpari Road PUP"
"old_dump","175","10175","0137895","LHS","001","044ZZ","MHMH-29N044ZZ0137895","Dharna PUP"
"old_dump","176","10176","0137895","RHS","002","044ZZ","MHMH-29N044ZZ0137895","Dharna PUP"
"old_dump","177","10177","0133225","LHS","001","044ZZ","MHMH-29N044ZZ0133225","Karanji PUP"
"old_dump","178","10178","0133225","RHS","002","044ZZ","MHMH-29N044ZZ0133225","Karanji PUP"
"old_dump","179","10179","0130147","LHS","001","044ZZ","MHMH-29N044ZZ0130147","Adani PUP"
"old_dump","180","10180","0130147","","001","044ZZ","MH-MH-29044ZZ0130147",""
"old_dump","181","10181","0130147","LHS","001","044ZZ","MHMH-29N044ZZ0130147","Adani PUP"
"old_dump","182","10182","0130147","RHS","002","044ZZ","MHMH-29N044ZZ0130147","Adani PUP"
"old_dump","183","10183","0094350","SR-R2","001","044ZZ","MHMH-01E044ZZ0094350","Adani PUP"
"old_dump","184","10184","0128840","LHS","001","044ZZ","MHMH-29N044ZZ0128840","PUP Structure"
"old_dump","185","10185","0128840","RHS","002","044ZZ","MHMH-29N044ZZ0128840","PUP Structure"
"old_dump","186","10186","0115504","LHS","001","044ZZ","MHMH-29N044ZZ0115504","PUP Structure"
"old_dump","187","10187","0115504","RHS","002","044ZZ","MHMH-29N044ZZ0115504","PUP Structure"
"old_dump","188","10188","0067289","SR-RHS","004","044ZZ","MH-MH-29044ZZ0067289","67+289"
"old_dump","189","10189","0041792","LHS","001","044ZZ","MH-MH-29044ZZ0041792","41+792"
"old_dump","190","10190","0067289","SR-LHS","003","044ZZ","MH-MH-29044ZZ0067289","67+289"
"old_dump","191","10191","0041792","RHS","02","044ZZ","MH-MH-29044ZZ0041792","41+792"
"old_dump","192","10192","0051539","LHS","001","044ZZ","MH-MH-32044ZZ0051539","kankati"
"old_dump","193","10193","0051539","RHS","002","044ZZ","MH-MH-32044ZZ0051539","kankati"
"old_dump","194","10194","0089358","LHS","01","044ZZ","MH-MH-29044ZZ0089358","89+358"
"old_dump","195","10195","0043526","LHS","01","044ZZ","MH-MH-29044ZZ0043526","43+526"
"old_dump","196","10196","0053639","LHS","001","044ZZ","MH-MH-32044ZZ0053639","kankati"
"old_dump","197","10197","0089358","RHS","02","044ZZ","MH-MH-29044ZZ0089358","89+358"
"old_dump","198","10198","0098084","LHS","001","044ZZ","MH-MH-29044ZZ0098084","98+048"
"old_dump","199","10199","0068684","LHS","001","044ZZ","MH-MH-29044ZZ0068684","68+684"
"old_dump","200","10200","0098084","RHS","002","044ZZ","MH-MH-29044ZZ0098084","98+048"
"old_dump","201","10201","0068684","RHS","002","044ZZ","MH-MH-29044ZZ0068684","68+684"
"old_dump","202","10202","0098492","LHS","001","044ZZ","MH-MH-29044ZZ0098492","98+492"
"old_dump","203","10203","0098492","RHS","002","044ZZ","MH-MH-29044ZZ0098492","98+492"
"old_dump","204","10204","0100920","LHS","001","044ZZ","MH-MH-29044ZZ0100920","Pipri"
"old_dump","205","10205","0100920","RHS","002","044ZZ","MH-MH-29044ZZ0100920","Pipri"
"old_dump","206","10206","0070360","LHS","001","044ZZ","MH-MH-29044ZZ0070360","70+360"
"old_dump","207","10207","0070360","RHS","002","044ZZ","MH-MH-29044ZZ0070360","70+360"
"old_dump","208","10208","0102837","LHS","001","044ZZ","MH-MH-29044ZZ0102837","102+837"
"old_dump","209","10209","0102837","RHS","002","044ZZ","MH-MH-29044ZZ0102837","102+837"
"old_dump","210","10210","0106505","LHS","01","044ZZ","MHMH-29N044ZZ0106505","103+687"
"old_dump","211","10211","0043526","RHS","02","044ZZ","MH-MH-29044ZZ0043526","43+526"
"old_dump","212","10212","0078075","SR-LHS","003","044ZZ","MH-MH-29044ZZ0078075","78+075"
"old_dump","213","10213","0103687","RHS","002","044ZZ","MH-MH-29044ZZ0103687","103+687"
"old_dump","214","10214","0078075","SR-RHS","004","044ZZ","MH-MH-29044ZZ0078075","78+075"
"old_dump","215","10215","123+125","LHS","1035/200","27","RJRJ-20N27123+125","Kongu"
"old_dump","216","10216","0103687","LHS","001","044ZZ","MH-MH-29044ZZ0103687","103+687"
"old_dump","217","10217","175+200","LHS","1035/200","27","DLDL-3N27175+200","Yamuna Bridge"
"old_dump","218","10218","0045414","LHS","01","044ZZ","MH-MH-29044ZZ0045414","45+414"
"old_dump","219","10219","0081809","LHS","001","044ZZ","MH-MH-29044ZZ0081809","81+809"
"old_dump","220","10220","0081809","RHS","002","044ZZ","MH-MH-29044ZZ0081809","81+809"
"old_dump","221","10221","0045414","RHS","02","044ZZ","MH-MH-29044ZZ0045414","45+414"
"old_dump","222","10222","0046391","LHS","01","044ZZ","MH-MH-29044ZZ0046391","46+391"
"old_dump","223","10223","0046391","RHS","02","044ZZ","MH-MH-29044ZZ0046391","46+391"
"old_dump","224","10224","0053639","RHS","002","044ZZ","MHMH-32N044ZZ0053639","kankati"
"old_dump","225","10225","0048015","LHS","01","044ZZ","MH-MH-29044ZZ0048015","48+015"
"old_dump","226","10226","0048015","RHS","02","044ZZ","MH-MH-29044ZZ0048015","48+015"
"old_dump","227","10227","0129257","LHS","01","044ZZ","MH-MH-29044ZZ0129257","129+257"
"old_dump","228","10228","0129257","RHS","02","044ZZ","MH-MH-29044ZZ0129257","129+257"
"old_dump","229","10229","0129875","LHS","01","044ZZ","MH-MH-29044ZZ0129875","129+857"
"old_dump","230","10230","0129875","RHS","02","044ZZ","MH-MH-29044ZZ0129875","129+857"
"old_dump","231","10231","0055792","LHS","001","044ZZ","MHMH-32N044ZZ0055792","Govindpur"
"old_dump","232","10232","0084736","LHS","001","044ZZ","MH-MH-29044ZZ0084736","84+736"
"old_dump","233","10233","0084736","RHS","002","044ZZ","MH-MH-29044ZZ0084736","84+736"
"old_dump","234","10234","0055792","RHS","002","044ZZ","MHMH-32N044ZZ0055792","Govindpur"
"old_dump","235","10235","0106505","LHS","001","044ZZ","MH-MH-29044ZZ0106505","106+505"
"old_dump","236","10236","0057272","LHS","001","044ZZ","MH-MH-32044ZZ0057272","Haladgaon"
"old_dump","237","10237","0057272","RHS","002","044ZZ","MH-MH-32044ZZ0057272","Haladgaon"
"old_dump","238","10238","0059945","LHS","001","044ZZ","MH-MH-32044ZZ0059945","Dahegaon"
"old_dump","239","10239","0059945","RHS","002","044ZZ","MH-MH-32044ZZ0059945","Dahegaon"
"old_dump","240","10240","0060623","LHS","001","044ZZ","MH-MH-32044ZZ0060623","Halidram Rastaurant"
"old_dump","241","10241","0084736","LHS-1","001","044ZZ","MH-MH-29044ZZ0084736","84+736"
"old_dump","242","10242","0087304","LHS","001","044ZZ","MH-MH-29044ZZ0087304","87+304"
"old_dump","243","10243","0087304","RHS","002","044ZZ","MH-MH-29044ZZ0087304","87+304"
"old_dump","244","10244","0060623","RHS","002","044ZZ","MH-MH-32044ZZ0060623","Halidram Rastaurant"
"old_dump","245","10245","0111690","","001","044ZZ","MHMH-29N044ZZ0111690",""
"old_dump","246","10246","0061126","LHS","001","044ZZ","MHMH-32N044ZZ0061126","Jamb"
"old_dump","247","10247","0061126","RHS","002","044ZZ","MHMH-32N044ZZ0061126","Jamb"
"old_dump","248","10248","0065875","LHS","001","044ZZ","MHMH-32N044ZZ0065875","Ubda"
"old_dump","249","10249","0065875","RHS","002","044ZZ","MH-MH-32044ZZ0065875","Ubda"
"old_dump","250","10250","0166147","LHS","001","044ZZ","MH-MH-32044ZZ0166147","kavatha"
"old_dump","251","10251","0166147","RHS","002","044ZZ","MH-MH-32044ZZ0166147","kavatha"
"old_dump","252","10252","0169143","LHS","001","044ZZ","MH-MH-29044ZZ0169143","PatanBori"
"old_dump","253","10253","0169143","RHS","002","044ZZ","MH-MH-32044ZZ0169143","PatanBori"
"old_dump","254","10254","0170504","LHS","001","044ZZ","MHMH-32N044ZZ0170504","PatanBori"
"old_dump","255","10255","0170504","RHS","002","044ZZ","MHMH-32N044ZZ0170504","PatanBori"
"old_dump","256","10256","0172883","LHS","001","044ZZ","MH-MH-29044ZZ0172883","Maharashtra RTO Border Cheak"
"old_dump","257","10257","0172883","RHS","002","044ZZ","MH-MH-29044ZZ0172883","Maharashtra RTO Border Cheak"
"old_dump","258","10258","0174626","LHS","001","044ZZ","MH-MH-32044ZZ0174626","Old  Border Cheak RTO Maharashtra"
"old_dump","259","10259","0037418","LHS","01","044ZZ","MH-MH-29044ZZ0037418","ROB 37+418"
"old_dump","260","10260","0037418","RHS","02","044ZZ","MH-MH-29044ZZ0037418","ROB 37+418"
"old_dump","261","10261","0076371","LHS","01","044ZZ","MH-MH-29044ZZ0076371","ROB 76+371"
"old_dump","262","10262","0076371","RHS","02","044ZZ","MH-MH-32044ZZ0076371","ROB 76+371"
"old_dump","263","10263","0173522","LHS","01","044ZZ","MH-MH-29044ZZ0173522","ROB 173+522"
"old_dump","264","10264","0173522","RHS","02","044ZZ","MH-MH-29044ZZ0173522","ROB 173+522"
"old_dump","265","10265","1002","","10","4","MHMH-15N40001002",""
"old_dump","266","10266","1002","","10","4","MHMH-15N40001002",""
"old_dump","267","10267","1002","","10","4","MH-MH-1541002",""
"old_dump","268","10268","1002","","10","4","MHMH-15N40001002",""
"old_dump","269","10269","0106505","RHS","002","044ZZ","MH-MH-29044ZZ0106505","106+505"
"old_dump","270","10270","0110655","LHS","001","044ZZ","MH-MH-29044ZZ0110655","110+655"
"old_dump","271","10271","0110655","RHS","002","044ZZ","MH-MH-29044ZZ0110655","110+655"
"old_dump","272","10272","0151235","LHS","001","044ZZ","MH-MH-32044ZZ0151235","Kelapur"
"old_dump","273","10273","0151235","RHS","002","044ZZ","MH-MH-32044ZZ0151235","Kelapur"
"old_dump","274","10274","0152298","LHS","001","044ZZ","MH-MH-29044ZZ0152298","Kelapur"
"old_dump","275","10275","0115504","","222","044ZZ","MHMH-15N044ZZ0115504",""
"old_dump","276","10276","9","","23e","435w4","JHJH-02S435w40000009",""
"old_dump","277","10277","0174626","RHS","002","044ZZ","MH-MH-32044ZZ0174626","Old  Border Cheak RTO Maharashtra"
"old_dump","278","10278","9","","3","1234","ASAS-02D12340000009",""
"old_dump","279","10279","MJB 28+072","LHS","28+072","NH-27","UPUP-80NNH-27MJB 28+","SHRI GIRRAJJI DHABA"
"old_dump","280","10280","0111690","LHS","001","044ZZ","MH-MH-29044ZZ0111690","111+690"
"old_dump","281","10281","9","","22","12","JH-JH-01129",""
"old_dump","282","10282","0111690","RHS","002","044ZZ","MH-MH-29044ZZ0111690","111+690"
"old_dump","283","10283","0000122","","222","044ZZ","HPHP-01E044ZZ0000122",""
"old_dump","284","10284","0152298","RHS","002","044ZZ","MH-MH-29044ZZ0152298","Kelapur"
"old_dump","285","10285","0154683","LHS","001","044ZZ","MH-MH-29044ZZ0154683","Kelapur"
"old_dump","286","10286","0113913","LHS","001","044ZZ","MH-MH-29044ZZ0113913","113+913"
"old_dump","287","10287","0113913","RHS","002","044ZZ","MH-MH-29044ZZ0113913","113+913"
"old_dump","288","10288","0114928","LHS","001","044ZZ","MH-MH-29044ZZ0114928","114+928"
"old_dump","289","10289","0114928","RHS","002","044ZZ","MH-MH-29044ZZ0114928","114+928"
"old_dump","290","10290","0118280","LHS","001","044ZZ","MH-MH-29044ZZ0118280","118+280"
"old_dump","291","10291","0118280","RHS","002","044ZZ","MH-MH-29044ZZ0118280","118+280"
"old_dump","292","10292","0123310","LHS","001","044ZZ","MH-MH-29044ZZ0123310","123+310"
"old_dump","293","10293","0123310","RHS","002","044ZZ","MH-MH-29044ZZ0123310","123+310"
"old_dump","294","10294","0094486","LHS","001","044ZZ","MH-MH-29044ZZ0094486","94+486"
"old_dump","295","10295","0094486","RHS","002","044ZZ","MH-MH-29044ZZ0094486","94+486"
"old_dump","296","10296","0124278","LHS","001","044ZZ","MH-MH-29044ZZ0124278","124+278"
"old_dump","297","10297","0124278","RHS","002","044ZZ","MH-MH-29044ZZ0124278","124+278"
"old_dump","298","10298","0001839","LHS","001","044ZZ","UPUP-80N044ZZ0001839","1+839"
"old_dump","299","10299","0000054","LHS-1","001","044ZZ","UP-UP-80044ZZ0000054","0+054"
"old_dump","300","10300","0001839","RHS","002","044ZZ","UPUP-80N044ZZ0001839","kitham"
"old_dump","301","10301","0000287","LHS","001","044ZZ","UP-UP-80044ZZ0000287","0+287"
"old_dump","302","10302","0003142","LHS","001","044ZZ","UPUP-80N044ZZ0003142","kasoti"
"old_dump","303","10303","0003142","RHS","002","044ZZ","UPUP-80N044ZZ0003142","kasoti"
"old_dump","304","10304","0003640","LHS","001","044ZZ","UPUP-80N044ZZ0003640","kasoti"
"old_dump","305","10305","0000287","RHS","002","044ZZ","UP-UP-80044ZZ0000287","0+287"
"old_dump","306","10306","0003640","RHS","002","044ZZ","UPUP-80N044ZZ0003640","kasoti"
"old_dump","307","10307","0008954","LHS","001","044ZZ","UP-UP-80044ZZ0008954","8+954"
"old_dump","308","10308","0008954","RHS","002","044ZZ","UP-UP-80044ZZ0008954","8+954"
"old_dump","309","10309","0009413","LHS-1","001","044ZZ","UPUP-80N044ZZ0009413","09+413"
"old_dump","310","10310","0009413","RHS-1","002","044ZZ","UPUP-80N044ZZ0009413","09+413"
"old_dump","311","10311","0013490","LHS","001","044ZZ","UPUP-80N044ZZ0013490","13+490"
"old_dump","312","10312","0013490","RHS","002","044ZZ","UP-UP-80044ZZ0013490","13+490"
"old_dump","313","10313","0023390","LHS","001","044ZZ","UP-UP-80044ZZ0023390","23+390"
"old_dump","314","10314","0023390","RHS","002","044ZZ","UP-UP-80044ZZ0023390","23+390"
"old_dump","315","10315","0032800","LHS","001","044ZZ","UP-UP-80044ZZ0032800","32+800"
"old_dump","316","10316","0028072","LHS","001","044ZZ","UP-UP-80044ZZ0028072","28+072"
"old_dump","317","10317","0028072","RHS","002","044ZZ","UP-UP-80044ZZ0028072","28+072"
"old_dump","318","10318","0004190","LHS","001","044ZZ","UP-UP-80044ZZ0004190","Raipura  Ahir"
"old_dump","319","10319","0004190","RHS","002","044ZZ","UP-UP-80044ZZ0004190","Raipura  Ahir"
"old_dump","320","10320","0005597","LHS","001","044ZZ","UP-UP-80044ZZ0005597","Kathawari"
"old_dump","321","10321","0013700","LHS","001","044ZZ","UP-UP-80044ZZ0013700","13+700"
"old_dump","322","10322","0005597","RHS","002","044ZZ","UP-UP-80044ZZ0005597","Raipura  Ahir"
"old_dump","323","10323","0006800","RHS","002","044ZZ","UP-UP-80044ZZ0006800","kathawari"
"old_dump","324","10324","0128640","LHS","001","044ZZ","MH-MH-29044ZZ0128640","128+640"
"old_dump","325","10325","0006800","LHS","001","044ZZ","UP-UP-80044ZZ0006800","Kathawari"
"old_dump","326","10326","0013700","RHS","002","044ZZ","UP-UP-80044ZZ0013700","13+700"
"old_dump","327","10327","0128640","RHS","002","044ZZ","MH-MH-29044ZZ0128640","128+640"
"old_dump","328","10328","0134150","LHS","001","044ZZ","MH-MH-32044ZZ0134150","Karanji"
"old_dump","329","10329","0011448","LHS","001","044ZZ","UP-UP-80044ZZ0011448","0011448"
"old_dump","330","10330","0011448","RHS","002","044ZZ","UP-UP-80044ZZ0011448","0011448"
"old_dump","331","10331","0134150","RHS","002","044ZZ","MH-MH-32044ZZ0134150","Karanji"
"old_dump","332","10332","0012718","LHS","001","044ZZ","UP-UP-80044ZZ0012718","Mahuar"
"old_dump","333","10333","0012718","RHS","002","044ZZ","UP-UP-80044ZZ0012718","Mahuar"
"old_dump","334","10334","0017660","LHS","001","044ZZ","UP-UP-80044ZZ0017660","Karahara"
"old_dump","335","10335","0017660","RHS","002","044ZZ","UP-UP-80044ZZ0017660","Karahara"
"old_dump","336","10336","0028981","LHS","001","044ZZ","UP-UP-80044ZZ0028981","Mundhera"
"old_dump","337","10337","0028981","RHS","002","044ZZ","UP-UP-80044ZZ0028981","Mundhera"
"old_dump","338","10338","0137685","LHS","001","044ZZ","MH-MH-29044ZZ0137685","Dharna"
"old_dump","339","10339","0031547","LHS","001","044ZZ","UP-UP-80044ZZ0031547","31+547"
"old_dump","340","10340","0031547","RHS","002","044ZZ","UP-UP-80044ZZ0031547","31+547"
"old_dump","341","10341","0137685","RHS","002","044ZZ","MH-MH-29044ZZ0137685","Dharna"
"old_dump","342","10342","0141000","LHS","001","044ZZ","MH-MH-29044ZZ0141000","Sakhara"
"old_dump","343","10343","0141000","RHS","002","044ZZ","MH-MH-29044ZZ0141000","Sakhara"
"old_dump","344","10344","0141970","LHS","001","044ZZ","MH-MH-29044ZZ0141970","Sakhara"
"old_dump","345","10345","0141970","RHS","002","044ZZ","MH-MH-29044ZZ0141970","Sakhara"
"old_dump","346","10346","0142410","LHS","001","044ZZ","MH-MH-29044ZZ0142410","Sakhara"
"old_dump","347","10347","0142410","RHS","002","044ZZ","MH-MH-29044ZZ0142410","Sakhara"
"old_dump","348","10348","0145290","LHS","001","044ZZ","MH-MH-29044ZZ0145290","Pandharkawada"
"old_dump","349","10349","0145290","RHS","002","044ZZ","MH-MH-29044ZZ0145290","Pandharkawada"
"old_dump","350","10350","0158704","LHS","001","044ZZ","MH-MH-29044ZZ0158704","Marath Wakadi"
"old_dump","351","10351","0158704","RHS","002","044ZZ","MH-MH-29044ZZ0158704","Marath Wakadi"
"old_dump","352","10352","0162091","LHS","001","044ZZ","MH-MH-29044ZZ0162091","Sunna"
"old_dump","353","10353","0162091","RHS","002","044ZZ","MH-MH-29044ZZ0162091","Sunna"
"old_dump","354","10354","0162724","LHS","001","044ZZ","MH-MH-29044ZZ0162724","Sunna"
"old_dump","355","10355","0162724","RHS","002","044ZZ","MH-MH-29044ZZ0162724","Sunna"
"old_dump","356","10356","0164567","LHS","001","044ZZ","MH-MH-29044ZZ0164567","164+567"
"old_dump","357","10357","0164567","RHS","002","044ZZ","MH-MH-29044ZZ0164567","164+567"
"old_dump","358","10358","0165169","LHS","001","044ZZ","MH-MH-29044ZZ0165169","165+169"
"old_dump","359","10359","0165169","RHS","002","044ZZ","MH-MH-29044ZZ0165169","165+169"
"old_dump","360","10360","0031070","LHS","001","044ZZ","UP-UP-80044ZZ0031070","31+070"
"old_dump","361","10361","0031070","RHS","002","044ZZ","UP-UP-80044ZZ0031070","31+070"
"old_dump","362","10362","0079520","LHS","001","044ZZ","MH-MH-32044ZZ0079520","Wena River"
"old_dump","363","10363","0080154","LHS","001","044ZZ","MH-MH-32044ZZ0080154","81+809"
"old_dump","364","10364","0080154","RHS","002","044ZZ","MH-MH-32044ZZ0080154","80+154"
"old_dump","365","10365","0049770","LHS","001","044ZZ","MH-MH-32044ZZ0049770","kankati"
"old_dump","366","10366","0074493","LHS","01","044ZZ","MH-MH-29044ZZ0074493","F/o 74+493"
"old_dump","367","10367","0074493","RHS","02","044ZZ","MH-MH-29044ZZ0074493","F/o 74+493"
"old_dump","368","10368","0049770","RHS","002","044ZZ","MH-MH-32044ZZ0049770","kankati"
"old_dump","369","10369","0058555","LHS","001","044ZZ","MH-MH-32044ZZ0058555","0058555"
"old_dump","370","10370","0058555","RHS","002","044ZZ","MH-MH-32044ZZ0058555","0058555"
"old_dump","371","10371","0079520","RHS","002","044ZZ","MH-MH-32044ZZ0079520","Wena River"
"old_dump","372","10372","0079868","RHS","02","044ZZ","MH-MH-29044ZZ0079868","79+868"
"old_dump","373","10373","0139465","RHS","02","044ZZ","MH-MH-29044ZZ0139465","Sakhara"
"old_dump","374","10374","0113081","LHS","01","044ZZ","MH-MH-29044ZZ0113081","113+081"
"old_dump","375","10375","0113081","RHS","02","044ZZ","MH-MH-29044ZZ0113081","113+081"
"old_dump","376","10376","0132750","LHS","01","044ZZ","MH-MH-29044ZZ0132750","132+750"
"old_dump","377","10377","0132750","RHS","02","044ZZ","MH-MH-29044ZZ0132750","132+750"
"old_dump","378","10378","0141095","LHS","001","044ZZ","MH-MH-32044ZZ0141095","Sakhara"
"old_dump","379","10379","0141095","RHS","002","044ZZ","MH-MH-32044ZZ0141095","Sakhara"
"old_dump","380","10380","0149640","LHS","001","044ZZ","MH-MH-32044ZZ0149640","Bus stand pandharkawada"
"old_dump","381","10381","0149640","RHS","002","044ZZ","MH-MH-32044ZZ0149640","Bus stand pandharkawada"
"old_dump","382","10382","0109770","LHS","001","044ZZ","MH-MH-32044ZZ0109770","Virul River"
"old_dump","383","10383","0109770","RHS","002","044ZZ","MH-MH-32044ZZ0109770","Virul River"
"old_dump","384","10384","0160337","LHS","001","044ZZ","MH-MH-32044ZZ0160337","Dhoki"
"old_dump","385","10385","0160337","RHS","002","044ZZ","MH-MH-32044ZZ0160337","Dhoki"
"old_dump","386","10386","0169640","LHS","001","044ZZ","MH-MH-29044ZZ0169640","169+640"
"old_dump","387","10387","0169640","RHS","002","044ZZ","MH-MH-29044ZZ0169640","169+640"
"old_dump","388","10388","0089076","LHS","001","044ZZ","MH-MH-32044ZZ0089076","89+076"
"old_dump","389","10389","0089076","RHS","002","044ZZ","MH-MH-29044ZZ0089076","89+076"
"old_dump","390","10390","0154683","RHS","002","044ZZ","MH-MH-29044ZZ0154683","Kelapur"
"old_dump","391","10391","0157161","LHS","001","044ZZ","MH-MH-29044ZZ0157161","157+161"
"old_dump","392","10392","0157161","RHS","002","044ZZ","MH-MH-29044ZZ0157161","157+161"
"old_dump","393","10393","0000009","LHS-4","002","123456","ANAN-01E1234560000009","PUP Structure"
"old_dump","394","10394","0123456","LHS","123456","123456","BR-BR-03-N-123456-0123456","Hyderabad Bridge"
"old_dump","395","10395","0109910","LHS-3","109/900","NH27","MH-MH-15-N-NH27-0109910","PUP Structure"
"old_dump","396","10396","0856302","LHS","01","NH027","MH-MH-15NH0270856302","Nashik-Pune"
"old_dump","397","10397","0067095","","1","44","MH-MH-29440067095",""
"old_dump","398","10398","0123456","LHS","1","123","AP-AP-07-N-123-0123456","Hyderabad Bridge"
"old_dump","399","10399","0856302","LHS-4","01","NH027","MH-MH-15NH0270856302","Test"
"old_dump","400","10400","0077855","LHS","001","044ZZ","MH-MH-29-N-044ZZ-0077855","F/O 77+855"
"old_dump","401","10401","0077855","RHS","002","044ZZ","MH-MH-29-N-044ZZ-0077855","F/O 77+855"
"old_dump","402","10402","0076635","LHS","001","044ZZ","MH-MH-29-N-044ZZ-0076635","Pandey College PUP"
"old_dump","403","10403","0076635","RHS","002","044ZZ","MH-MH-29044ZZ0076635","Pandey College PUP"
"old_dump","404","10404","0624800","LHS","626/1","NH-27","GJ-GJ-08-N-NH-27-0624800","Sarotra"
"old_dump","405","10405","0012345","RHS","123456","123456","MH-MH-15-E-123456-0012345","nashik-pune"
"old_dump","406","10406","0621822","LHS","622/1 LHS","NH-27","GJ-GJ-08NH-270621822","Sarotra"
"old_dump","407","10407","0624800","RHS","626/1","NH-27","GJ-GJ-08NH-270624800","Sarotra"
"old_dump","408","10408","0621822","RHS","622/1","NH-27","GJ-GJ-08-N-NH-27-0621822",""
"old_dump","409","10409","1351700","LHS","001","NH27","MP-MP-33NH271351700","Kali Pahadi"
"old_dump","410","10410","1351700","RHS","002","NH-27","MP-MP-33NH-271351700","Kali Pahadi"
"old_dump","411","10411","1341800","LHS","001","NH27","MP-MP-33NH271341800","Mahuar River Bridge"
"old_dump","412","10412","1341800","RHS","002","NH27","MP-MP-33NH271341800","Mahuar River Bridge"
"old_dump","413","10413","1320000","LHS","001","NH-27","MP-MP-33-N-NH-27-1320000","Amola bridge"
"old_dump","414","10414","1320000","RHS","002","NH27","MP-MP-33NH271320000","Amola bridge"
"old_dump","415","10415","0067289","LHS","001","044ZZ","MH-MH-29044ZZ0067289","67+289"
"old_dump","699","10699","0000744","","636/1","968937","KL-KL-01-N-968937-0000744",""
"old_dump","705","10705","606+100","MCW","607/1","NH27","GJ-GJ-08NH27606+100","Vehicular Underpass (VUP)"
"old_dump","706","10706","0001000","LHS","01","044ZZ","MH-MH-01-S-044ZZ-0001000","Kelapur"
"old_dump","707","10707","0079520","LHS","78/01","NH-44","MH-MH-32NH-440079520","79520"
"old_dump","708","10708","0067095","LHS","68/1","044ZZ","MH-MH-29044ZZ0067095","PUP"
"old_dump","709","10709","0067095","RHS","68/1","044ZZ","MH-MH-29044ZZ0067095","PUP"
"old_dump","710","10710","0074292","LHS","75/1","044ZZ","MH-MH-29044ZZ0074292","PUP"
"old_dump","711","10711","0074292","RHS","75/1","044ZZ","MH-MH-29-N-044ZZ-0074292","PUP"
"old_dump","712","10712","0074732","LHS","75/2","044ZZ","MH-MH-29-N-044ZZ-0074732","PUP"
"old_dump","713","10713","0074732","RHS","75/2","044ZZ","MH-MH-29-N-044ZZ-0074732","PUP"
"old_dump","714","10714","0076117","LHS","77/1","044ZZ","MH-MH-29-N-044ZZ-0076117","PUP"
"old_dump","715","10715","0076117","RHS","77/1","044ZZ","MH-MH-29-N-044ZZ-0076117","PUP"
"old_dump","716","10716","0076635","LHS","77/2","044ZZ","MH-MH-29-N-044ZZ-0076635","PUP"
"old_dump","717","10717","0076635","RHS","77/2","044ZZ","MH-MH-29-N-044ZZ-0076635","PUP"
"old_dump","718","10718","0082717","LHS","83/1","044ZZ","MH-MH-29-N-044ZZ-0082717","PUP"
"old_dump","719","10719","0082717","RHS","83/1","044ZZ","MH-MH-29-N-044ZZ-0082717","PUP"
"old_dump","720","10720","0084996","LHS","85/1","044ZZ","MH-MH-29-N-044ZZ-0084996","PUP"
"old_dump","721","10721","0084996","RHS","85/1","044ZZ","MH-MH-29-N-044ZZ-0084996","PUP"
"old_dump","722","10722","0090005","LHS","91/1","044ZZ","MH-MH-29-N-044ZZ-0090005","PUP"
"old_dump","723","10723","0090005","RHS","91/1","044ZZ","MH-MH-29-N-044ZZ-0090005","PUP"
"old_dump","724","10724","0105115","LHS","116/1","044ZZ","MH-MH-29-N-044ZZ-0105115","PUP"
"old_dump","725","10725","0105115","RHS","116/1","044ZZ","MH-MH-29-N-044ZZ-0105115","PUP"
"old_dump","726","10726","0038483","MCW","39/1","044ZZ","MH-MH-29044ZZ0038483","38+483 PC"
"old_dump","727","10727","0038908","MCW","39/2","044ZZ","MH-MH-29044ZZ0038908","38+908 PC"
"old_dump","728","10728","0039249","MCW","40/1","044ZZ","MH-MH-29-N-044ZZ-0039249","39+249 PC"
"old_dump","729","10729","0039624","MCW","40/2","044ZZ","MH-MH-29-N-044ZZ-0039624","39+624 PC"
"old_dump","730","10730","0040262","MCW","41/1","044ZZ","MH-MH-29-N-044ZZ-0040262","40+262 PC"
"old_dump","731","10731","0004026","LHS","40/2","044ZZ","MH-MH-12044ZZ0004026","46813"
"old_dump","732","10732","0174775","MCW","001","44","MH-MH-29-N-44-0174775","HPC 174775"
"old_dump","733","10733","0040996","MCW","41/2","044ZZ","MH-MH-29-N-044ZZ-0040996","40+996 PC"
"old_dump","734","10734","0041016","MCW","42/1","044ZZ","MH-MH-29-N-044ZZ-0041016","41+016 BC"
"old_dump","735","10735","0042335","MCW","43/1","044ZZ","MH-MH-29-N-044ZZ-0042335","42+335 SC"
"old_dump","736","10736","0042387","MCW","43/2","044ZZ","MH-MH-29-N-044ZZ-0042387","42+387 BC"
"old_dump","737","10737","0043081","MCW","44/1","044ZZ","MH-MH-29-N-044ZZ-0043081","43+018 PC"
"old_dump","738","10738","0043116","MCW","44/2","044ZZ","MH-MH-29-N-044ZZ-0043116","43+116 PC"
"old_dump","739","10739","0045985","MCW","46/1","044ZZ","MH-MH-29-N-044ZZ-0045985","45+985 Slab Culvert"
"old_dump","740","10740","0046874","MCW","47/1","044ZZ","MH-MH-29-N-044ZZ-0046874","46+847 Slab Culvert"
"old_dump","741","10741","0047100","MCW","48/1","044ZZ","MH-MH-29-N-044ZZ-0047100","47+100 Slab Culvert"
"old_dump","742","10742","0048720","MCW","49/1","044ZZ","MH-MH-29-N-044ZZ-0048720","48+720 HPC"
"old_dump","743","10743","0050017","MCW","51/1","044ZZ","MH-MH-29-N-044ZZ-0050017","50+017 BC"
"old_dump","744","10744","0051180","MCW","52/1","044ZZ","MH-MH-29-N-044ZZ-0051180","51+180 SC"
"old_dump","745","10745","0056122","MCW","57/1","044ZZ","MH-MH-29044ZZ0056122","56+122 SC"
"old_dump","746","10746","0057155","MCW","58/1","044ZZ","MH-MH-29-N-044ZZ-0057155","57+155 SC"
"old_dump","747","10747","0059182","MCW","60/2","044ZZ","MH-MH-29-N-044ZZ-0059182","59+182 HPC"
"old_dump","748","10748","0061789","MCW","62/1","044ZZ","MH-MH-29044ZZ0061789","61+789 HPC"
"old_dump","749","10749","0123254","","12312312","312312","AN-AN-01-E-312312-0123254",""
"old_dump","750","10750","0123254","","12312312","312312","AN-AN-01-E-312312-0123254",""
"old_dump","751","10751","0062442","MCW","63/1","044ZZ","MH-MH-29-N-044ZZ-0062442","62+442 HPC"
"old_dump","752","10752","0063168","MCW","64/1","044ZZ","MH-MH-29-N-044ZZ-0063168","63+168 HPC"
"old_dump","753","10753","8888888","","8","88","AP-AP-02-N-88-8888888",""
"old_dump","754","10754","0064144","MCW","65/1","044ZZ","MH-MH-29-N-044ZZ-0064144","64+144 BC"
"old_dump","755","10755","0064883","MCW","65/2","044ZZ","MH-MH-29-N-044ZZ-0064883","64+883 HPC"
"old_dump","756","10756","0066224","MCW","67/1","044ZZ","MH-MH-29-N-044ZZ-0066224","66+224 BC"
"old_dump","757","10757","0068950","MCW","69/1","044ZZ","MH-MH-29044ZZ0068950","68+950 HPC"
"old_dump","758","10758","0069506","MCW","70/1","044ZZ","MH-MH-29-N-044ZZ-0069506","69+506 BC"
"old_dump","759","10759","0070135","MCW","71/1","044ZZ","MH-MH-29-N-044ZZ-0070135","70+135 HPC"
"old_dump","760","10760","0070605","MCW","71/2","044ZZ","MH-MH-29-N-044ZZ-0070605","70+605 HPC"
"old_dump","761","10761","0071317","MCW","72/1","044ZZ","MH-MH-29-N-044ZZ-0071317","71+317 HPC"
"old_dump","762","10762","0071614","MCW","72/2","044ZZ","MH-MH-29-N-044ZZ-0071614","71+614 HPC"
"old_dump","763","10763","0072427","MCW","73/1","044ZZ","MH-MH-29-N-044ZZ-0072427","72+427 HPC"
"old_dump","764","10764","0073785","MCW","74/1","044ZZ","MH-MH-29-N-044ZZ-0073785","73+785 HPC"
"old_dump","765","10765","0075727","MCW","76/1","044ZZ","MH-MH-29-N-044ZZ-0075727","75+727 HPC"
"old_dump","766","10766","0077106","MCW","78/1","044ZZ","MH-MH-29-N-044ZZ-0077106","77+106 HPC"
"old_dump","767","10767","0082214","MCW","83/1","044ZZ","MH-MH-29-N-044ZZ-0082214","82+214 HPC"
"old_dump","768","10768","0082570","MCW","83/1","044ZZ","MH-MH-29-N-044ZZ-0082570","82+570 HPC"
"old_dump","769","10769","0082890","MCW","83/3","044ZZ","MH-MH-29-N-044ZZ-0082890","82+890 HPC"
"old_dump","770","10770","0083092","MCW","84/1","044ZZ","MH-MH-29-N-044ZZ-0083092","83+092 BC"
"old_dump","771","10771","0086216","MCW","87/1","044ZZ","MH-MH-29-N-044ZZ-0086216","86+216 BC"
"old_dump","772","10772","0086536","SR-RHS","87/1","044ZZ","MH-MH-29-N-044ZZ-0086536","86+536 HPC"
"old_dump","773","10773","0086981","SR-RHS","87/3","044ZZ","MH-MH-29-N-044ZZ-0086981","86+981 HPC"
"old_dump","774","10774","0090770","MCW","91/1","044ZZ","MH-MH-29-N-044ZZ-0090770","90+770 HPC"
"old_dump","775","10775","0091721","MCW","92/1","044ZZ","MH-MH-29-N-044ZZ-0091721","91+721 HPC"
"old_dump","776","10776","0093137","MCW","94/1","044ZZ","MH-MH-29-N-044ZZ-0093137","93+137 HPC"
"old_dump","777","10777","0093985","MCW","94/2","044ZZ","MH-MH-29-N-044ZZ-0093985","93+985 BC"
"old_dump","778","10778","0095345","MCW","96/1","044ZZ","MH-MH-29-N-044ZZ-0095345","95+345 BC"
"old_dump","779","10779","0095914","MCW","96/2","044ZZ","MH-MH-29-N-044ZZ-0095914","95+914 BC"
"old_dump","780","10780","0097267","MCW","98/1","044ZZ","MH-MH-29-N-044ZZ-0097267","97+267 BC"
"old_dump","781","10781","0099135","MCW","94/1","044ZZ","MH-MH-29-N-044ZZ-0099135","99+135 BC"
"old_dump","782","10782","0100121","MCW","101/1","044ZZ","MH-MH-29-N-044ZZ-0100121","100+121 BC"
"old_dump","783","10783","0102111","MCW","103/1","044ZZ","MH-MH-29-N-044ZZ-0102111","102+111 BC"
"old_dump","784","10784","0102336","MCW","103/2","044ZZ","MH-MH-29-N-044ZZ-0102336","102+336 BC"
"old_dump","785","10785","0105494","MCW","106/1","044ZZ","MH-MH-29-N-044ZZ-0105494","105+494 HPC"
"old_dump","786","10786","0105721","MCW","106/2","044ZZ","MH-MH-29-N-044ZZ-0105721","105+721 HPC"
"old_dump","787","10787","0111095","MCW","112/1","044ZZ","MH-MH-29-N-044ZZ-0111095","111+095 BC"
"old_dump","788","10788","0111349","MCW","112/2","044ZZ","MH-MH-29-N-044ZZ-0111349","111+349 HPC"
"old_dump","789","10789","0111857","MCW","116/2","044ZZ","MH-MH-29-N-044ZZ-0111857","115+857 BC"
"old_dump","790","10790","0116106","MCW","117/2","044ZZ","MH-MH-29-N-044ZZ-0116106","116+101 HPC"
"old_dump","791","10791","0116900","MCW","117/2","044ZZ","MH-MH-29-N-044ZZ-0116900","116+900 HPC"
"old_dump","792","10792","0107608","MCW","108/1","044ZZ","MH-MH-29-N-044ZZ-0107608","107+608 BC"
"old_dump","793","10793","0118305","MCW","119/1","044ZZ","MH-MH-29-N-044ZZ-0118305","118+305 HPC"
"old_dump","794","10794","0119509","MCW","120/1","044ZZ","MH-MH-29-N-044ZZ-0119509","119+509 HPC"
"old_dump","795","10795","0119935","MCW","120/2","044ZZ","MH-MH-29-N-044ZZ-0119935","119+935 BC"
"old_dump","796","10796","0121200","MCW","122/1","044ZZ","MH-MH-29-N-044ZZ-0121200","121+200 BC"
"old_dump","797","10797","0121934","MCW","122/2","044ZZ","MH-MH-29-N-044ZZ-0121934","121+934 HPC"
"old_dump","798","10798","0122122","MCW","123/1","044ZZ","MH-MH-29-N-044ZZ-0122122","122+122 HPC"
"old_dump","799","10799","0124917","MCW","125/1","044ZZ","MH-MH-29-N-044ZZ-0124917","124+917 HPC"
"old_dump","800","10800","0125160","MCW","126/1","044ZZ","MH-MH-29-N-044ZZ-0125160","125+160 HPC"
"old_dump","801","10801","0125615","MCW","126/2","044ZZ","MH-MH-29-N-044ZZ-0125615","125+615 HPC"
"old_dump","802","10802","0126247","MCW","127/1","044ZZ","MH-MH-29-N-044ZZ-0126247","126+247 HPC"
"old_dump","803","10803","0126612","MCW","127/2","044ZZ","MH-MH-29044ZZ0126612","126+617 HPC"
"old_dump","804","10804","0127180","MCW","128/1","044ZZ","MH-MH-29-N-044ZZ-0127180","127+180 HPC"
"old_dump","805","10805","0128055","MCW","129/1","044ZZ","MH-MH-29-N-044ZZ-0128055","128+055 HPC"
"old_dump","806","10806","0130442","MCW","131/1","044ZZ","MH-MH-29-N-044ZZ-0130442","130+442 HPC"
"old_dump","807","10807","0130662","MCW","131/2","044ZZ","MH-MH-29-N-044ZZ-0130662","130+662 BC"
"old_dump","808","10808","0130892","MCW","131/3","044ZZ","MH-MH-29-N-044ZZ-0130892","130+892 HPC"
"old_dump","809","10809","0131440","MCW","132/1","044ZZ","MH-MH-29-N-044ZZ-0131440","131+440 BC"
"old_dump","810","10810","0132550","MCW","133/1","044ZZ","MH-MH-29-N-044ZZ-0132550","132+550 HPC"
"old_dump","811","10811","0134395","MCW","135/1","044ZZ","MH-MH-29-N-044ZZ-0134395","134+395 BC"
"old_dump","812","10812","0135057","MCW","136/1","044ZZ","MH-MH-29-N-044ZZ-0135057","135+067 HPC"
"old_dump","813","10813","0135596","MCW","136/2","044ZZ","MH-MH-29-N-044ZZ-0135596","135+596 HPC"
"old_dump","814","10814","0135757","MCW","136/3","044ZZ","MH-MH-29-N-044ZZ-0135757","135+757 HPC"
"old_dump","815","10815","0138210","MCW","139/1","044ZZ","MH-MH-29-N-044ZZ-0138210","138+210 BC"
"old_dump","816","10816","0138655","MCW","139/2","044ZZ","MH-MH-29-N-044ZZ-0138655","138+655 HPC"
"old_dump","817","10817","0138920","MCW","139/1","044ZZ","MH-MH-29044ZZ0138920","138+920 HPC"
"old_dump","818","10818","0138920","MCW","139/3","044ZZ","MH-MH-29-N-044ZZ-0138920","138+920 HPC"
"old_dump","819","10819","0139735","MCW","140/1","044ZZ","MH-MH-29-N-044ZZ-0139735","139+735 HPC"
"old_dump","820","10820","0140210","MCW","141/1","044ZZ","MH-MH-29-N-044ZZ-0140210","140+210 HPC"
"old_dump","821","10821","0141570","MCW","142/1","044ZZ","MH-MH-29-N-044ZZ-0141570","141+570 HPC"
"old_dump","822","10822","0141925","MCW","142/2","044ZZ","MH-MH-29-N-044ZZ-0141925","141+925 BC"
"old_dump","823","10823","0142170","MCW","143/1","044ZZ","MH-MH-29-N-044ZZ-0142170","142+170 HPC"
"old_dump","824","10824","0143370","MCW","144/1","044ZZ","MH-MH-29-N-044ZZ-0143370","143+370 HPC"
"old_dump","825","10825","0144006","MCW","145/1","044ZZ","MH-MH-29-N-044ZZ-0144006","144+006 HPC"
"old_dump","826","10826","0144645","MCW","145/2","044ZZ","MH-MH-29-N-044ZZ-0144645","144+645 BC"
"old_dump","827","10827","0144940","MCW","145/3","044ZZ","MH-MH-29-N-044ZZ-0144940","144+940 HPC"
"old_dump","828","10828","0145035","MCW","146/1","044ZZ","MH-MH-29-N-044ZZ-0145035","145+035 HPC"
"old_dump","829","10829","0145670","MCW","146/2","044ZZ","MH-MH-29-N-044ZZ-0145670","145+670 HPC"
"old_dump","830","10830","0145937","MCW","146/3","044ZZ","MH-MH-29-N-044ZZ-0145937","145+937 HPC"
"old_dump","831","10831","0146205","MCW","147/1","044ZZ","MH-MH-29-N-044ZZ-0146205","146+205 HPC"
"old_dump","832","10832","0146670","MCW","147/2","044ZZ","MH-MH-29-N-044ZZ-0146670","146+670 HPC"
"old_dump","833","10833","0147032","MCW","148/1","044ZZ","MH-MH-29-N-044ZZ-0147032","147+032 BC"
"old_dump","834","10834","0147545","MCW","148/1","044ZZ","MH-MH-29-N-044ZZ-0147545","147+545 HPC"
"old_dump","835","10835","0147940","MCW","148/3","044ZZ","MH-MH-29-N-044ZZ-0147940","147+940 BC"
"old_dump","836","10836","0148390","MCW","149/1","044ZZ","MH-MH-29-N-044ZZ-0148390","148+390 HPC"
"old_dump","837","10837","0148507","MCW","149/2","044ZZ","MH-MH-29-N-044ZZ-0148507","148+507 HPC"
"old_dump","838","10838","0148951","MCW","149/3","044ZZ","MH-MH-29044ZZ0148951","148+951 HPC"
"old_dump","839","10839","0149970","MCW","150/1","044ZZ","MH-MH-29-N-044ZZ-0149970","149+970 HPC"
"old_dump","840","10840","0150110","MCW","151/1","044ZZ","MH-MH-29-N-044ZZ-0150110","150+110 BC"
"old_dump","841","10841","0150250","MCW","151/2","044ZZ","MH-MH-29-N-044ZZ-0150250","150+250 HPC"
"old_dump","842","10842","0151705","MCW","152/1","044ZZ","MH-MH-29-N-044ZZ-0151705","151+705 HPC"
"old_dump","843","10843","0153525","MCW","154/1","044ZZ","MH-MH-29-N-044ZZ-0153525","153+525 HPC"
"old_dump","844","10844","0155000","MCW","156/1","044ZZ","MH-MH-29-N-044ZZ-0155000","155+000 HPC"
"old_dump","845","10845","0155464","MCW","156/2","044ZZ","MH-MH-29-N-044ZZ-0155464","155+464 HPC"
"old_dump","846","10846","0157371","MCW","158/1","044ZZ","MH-MH-29-N-044ZZ-0157371","157+371 HPC"
"old_dump","847","10847","0157679","MCW","158/2","044ZZ","MH-MH-29044ZZ0157679","157+679 HPC"
"old_dump","848","10848","0159152","MCW","160/1","044ZZ","MH-MH-29-N-044ZZ-0159152","159+152 HPC"
"old_dump","849","10849","0160033","MCW","161/1","044ZZ","MH-MH-29-N-044ZZ-0160033","160+033 BC"
"old_dump","850","10850","0160514","MCW","161/2","044ZZ","MH-MH-29-N-044ZZ-0160514","160+514 HPC"
"old_dump","851","10851","0160579","MCW","161/3","044ZZ","MH-MH-29-N-044ZZ-0160579","160+579 HPC"
"old_dump","852","10852","0161005","MCW","162/1","044ZZ","MH-MH-29044ZZ0161005","161+005 HPC"
"old_dump","853","10853","0161580","MCW","162/2","044ZZ","MH-MH-29-N-044ZZ-0161580","161+580 BC"
"old_dump","854","10854","0161778","MCW","162/3","044ZZ","MH-MH-29-N-044ZZ-0161778","161+778 HPC"
"old_dump","855","10855","0162309","MCW","163/1","044ZZ","MH-MH-29-N-044ZZ-0162309","162+309 HPC"
"old_dump","856","10856","0163691","MCW","164/1","044ZZ","MH-MH-29-N-044ZZ-0163691","163+691 HPC"
"old_dump","857","10857","0164145","MCW","165/1","044ZZ","MH-MH-29-N-044ZZ-0164145","164+145 SC"
"old_dump","858","10858","0167775","MCW","168/2","044ZZ","MH-MH-29-N-044ZZ-0167775","167+775 HPC"
"old_dump","859","10859","0168421","MCW","169/1","044ZZ","MH-MH-29-N-044ZZ-0168421","168+421 HPC"
"old_dump","860","10860","0169276","MCW","170/1","044ZZ","MH-MH-29-N-044ZZ-0169276","169+276 HPC"
"old_dump","861","10861","0170049","MCW","171/1","044ZZ","MH-MH-29-N-044ZZ-0170049","171+049 HPC"
"old_dump","862","10862","0172162","MCW","173/1","044ZZ","MH-MH-29-N-044ZZ-0172162","172+162 SC"
"old_dump","863","10863","0173600","MCW","174/1","044ZZ","MH-MH-29-N-044ZZ-0173600","173+600 HPC"
"old_dump","864","10864","0174217","MCW","175/1","044ZZ","MH-MH-29-N-044ZZ-0174217","174+217 HPC"
"old_dump","865","10865","0174375","MCW","175/1","044ZZ","MH-MH-29-N-044ZZ-0174375","174+375 HPC"
"old_dump","866","10866","0174445","MCW","175/1","044ZZ","MH-MH-29044ZZ0174445","174+445 HPC"
"old_dump","867","10867","0174445","MCW","175/1","044ZZ","MH-MH-29-N-044ZZ-0174445","174+445 HPC"
"old_dump","868","10868","0174775","MCW","175/3","044ZZ","MH-MH-29-N-044ZZ-0174775","174+775 HPC"
"old_dump","869","10869","0621822","","622/1","NH-27","AP-AP-02NH-270621822",""
"railway","2","2","046+813","LHS","47/01","NH 27","AS-AS-16-NH 27N046813","46813"
"railway","9","9","1010+466","RHS","1010466-02","NH27","AS-AS-16-NH27N1010466","1010466"
"railway","21","21","046+813","LHS","46813-02","NH27","AS-AS-16-NH27N046813","46813"
"railway","24","24","0621822","RHS","622/1","NH-27","GJ-GJ-08-NH-27N0621822","0621822"
"railway","25","25","034+860","MCW","35/01","NH 27","AS-AS-16-NH 27N034860","34860"
"railway","26","26","633+960","LHS","633/2 LHS","NH-27","GJ-GJ-08-NH-27N633960","SAROTRA"
"railway","27","27","034+860","RHS","34860-2","NH 27","AS-AS-16-NH 27N034860","34860"
"railway","29","29","052+780","LHS","52780-1","NH 27","AS-AS-16-NH 27N052780","52780"
"railway","30","30","052+780","RHS","52780-2","NH 27","AS-AS-16-NH 27N052780","52780"
"railway","32","32","053+065","LHS","53065-1","NH 27","AS-AS-16-NH 27N053065","53065"
"railway","33","33","053+065","RHS","53065-2","NH 27","AS-AS-16-NH 27N053065","53065"
"railway","34","34","054+020","LHS","54020-1","NH 27","AS-AS-16-NH 27N054020","54020"
"railway","35","35","054+020","RHS","54020-2","NH 27","AS-AS-16-NH 27N054020","54020"
"railway","36","36","060+470","LHS","60470-1","NH 27","AS-AS-16-NH 27N060470","60470"
"railway","37","37","060+470","RHS","60470-2","NH 27","AS-AS-16-NH 27N060470","60470"
"railway","38","38","061+820","LHS","61820-1","NH 27","AS-AS-16-NH 27N061820","61820"
"railway","39","39","061+820","RHS","61820-2","NH 27 ","AS-AS-16-NH 27N061820","61820"
"railway","40","40","064+670","LHS","64670-1","NH 27","AS-AS-16-NH 27N064670","64670"
"railway","41","41","064+670","RHS","64670-2","NH 27","AS-AS-16-NH 27N064670","64670"
"railway","42","42","079+840","LHS","79840-01","NH 27","AS-AS-16-NH 27N079840","79840"
"railway","43","43","079+840","RHS","79840-02","NH 27","AS-AS-16-NH 27N079840","79840"
"railway","44","44","987+737","LHS","987737-01","NH 27","AS-AS-16-NH 27N987737","987737"
"railway","45","45","987+737","RHS","987737-02","NH 27","AS-AS-16-NH 27N987737","987737"
"railway","46","46","985+625","LHS","985625-01","NH 27","AS-AS-16-NH 27N985625","985625"
"railway","47","47","985+625","RHS","985625-02","NH 27","AS-AS-16-NH 27N985625","958625"
"railway","48","48","062+743","LHS","62743-01","NH 27","AS-AS-16-NH 27N062743","62743"
"railway","49","49","062+743","RHS","62743-02","NH 27","AS-AS-16-NH 27N062743","62743"
"railway","50","50","987+150","LHS","987150-01","NH 27","AS-AS-16-NH 27N987150","987150"
"railway","51","51","987+150","RHS","987150-02","NH 27","AS-AS-16-NH 27N987150","987150"
"railway","52","52","060+610","LHS","60610-01","NH 27","AS-AS-16-NH 27N060610","60610"
"railway","53","53","060+610","RHS","60610-02","NH 27","AS-AS-16-NH 27N060610","60610"
"railway","54","54","1001+265","LHS","1001265-01","NH 27 ","AS-AS-16-NH 27N1001265","1001265"
"railway","55","55","1001+265","RHS","1001265-02","NH 27","AS-AS-16-NH 27N1001265","1001265"
"railway","56","56","067+880","LHS","67880-01","NH 27","AS-AS-16-NH 27N067880","67880"
"railway","57","57","067+880","RHS","67880-02","NH 27","AS-AS-16-NH 27N067880","67880"
"railway","58","58","068+350","LHS","68350-01","NH 27","AS-AS-16-NH 27N068350","68350"
"railway","59","59","068+350","RHS","68350-02","NH 27","AS-AS-16-NH 27N068350","68350"
"railway","60","60","072+230","LHS","72230-01","NH 27","AS-AS-16-NH 27N072230","72230"
"railway","61","61","072+230","RHS","72230-02","NH 27","AS-AS-16-NH 27N072230","72230"
"railway","62","62","040+160","LHS","41/01","NH 27","AS-AS-16-NH 27N040160","40160"
"railway","63","63","040+160","RHS","41/01","NH 27","AS-AS-16-NH 27N040160","40160"
"railway","64","64","033+165","MCW","34/01","NH 27","AS-AS-16-NH 27N033165","33165"
"railway","65","65","033+165","RHS","33165 - 02","NH 27","AS-AS-16-NH 27N033165","33165"
"railway","66","66","1010+466","LHS","1010466-01","NH 27 ","AS-AS-16-NH 27N1010466","1010466"
"railway","67","67","040+320","LHS","40320-01","NH 27","AS-AS-16-NH 27N040320","40320"
"railway","68","68","040+320","RHS","40320-02","NH 27","AS-AS-16-NH 27N040320","40320"
"railway","69","69","966+055","LHS","966055-01","NH 27","AS-AS-16-NH 27N966055","966055"
"railway","70","70","966+055","RHS","966055-02","NH 27","AS-AS-16-NH 27N966055","966055"
"railway","71","71","967+875","LHS","967875-01","NH 27","AS-AS-16-NH 27N967875","967875"
"railway","72","72","967+875","RHS","967875-02","NH 27","AS-AS-16-NH 27N967875","967875"
"railway","73","73","071+340","LHS","71340-01","NH 27","AS-AS-16-NH 27N071340","71340"
"railway","74","74","071+340","RHS","71340-02","NH 27","AS-AS-16-NH 27N071340","71340"
"railway","75","75","030+327","LHS","30327-01","NH 27","AS-AS-16-NH 27N030327","30327"
"railway","76","76","030+327","RHS","30327-02","NH-27","AS-AS-16-NH-27N030327","30327"
"railway","77","77","045+106","LHS","45106-01","NH 27 ","AS-AS-16-NH 27N045106","45106"
"railway","78","78","045+106","RHS","45106-02","NH 27","AS-AS-16-NH 27N045106","45106"
"railway","79","79","032+335","LHS","32335-01","NH-27","AS-AS-16-NH-27N032335","32335"
"railway","80","80","032+335","RHS","32335-02","NH-27","AS-AS-16-NH-27N032335","32335"
"railway","84","84","970+531","RHS","970531-02","NH-27","AS-AS-16-NH-27N970531","970531"
"railway","85","85","970+531","LHS","970531-01","NH-27","AS-AS-16-NH-27N970531","970531"
"railway","86","86","5236+555","LHS","6352","044ZZ","RJ-RJ-38-044ZZD5236555","5555"
"railway","94","94","069+720","LHS","69720-01","NH 27","AS-AS-16-NH 27N069720","69720"
"railway","95","95","069+720","RHS","69720-02","NH 27","AS-AS-16-NH 27N069720","69720"
"railway","96","96","042+248","LHS","42248-01","NH-16","WB-WB-34-NH-16N042248","42248"
"railway","97","97","042+248","RHS","42248-02","NH-16","WB-WB-34-NH-16N042248","42248"
"railway","98","98","071+565","LHS","71565-01","NH-16","WB-WB-34-NH-16N071565","71565"
"railway","99","99","071+565","RHS","071565-02","NH-16","WB-WB-34-NH-16N071565","71565"
"railway","100","100","026+814","LHS","26814-01","NH 16","WB-WB-34-NH 16N026814","26814"
"railway","101","101","026+814","RHS","26814-02","NH 16","WB-WB-34-NH 16N026814","26814"
"railway","102","102","044+155","LHS","44155-01","NH-16","WB-WB-34-NH-16N044155","44155"
"railway","103","103","044+155","RHS","44155-02","NH-16","WB-WB-34-NH-16N044155","44155"
"railway","104","104","037+823","LHS","37823-01","NH-16","WB-WB-34-NH-16N037823","37823"
"railway","105","105","037+823","RHS","37823-02","NH 16","WB-WB-34-NH 16N037823","37823"
"railway","106","106","041+620","LHS","41620-01","NH 16 ","WB-WB-34-NH 16N041620","41620"
"railway","107","107","041+620","RHS","41620-02","NH 16","WB-WB-34-NH 16N041620","41620"
"railway","108","108","017+520","MCW","18/01","NH-16","WB-WB-34-NH-16N017520","17520"
"railway","109","109","017+520","RHS","17520-02","NH-16","WB-WB-34-NH-16N017520","17520"
"railway","110","110","042+831","LHS","42831-01","NH 16","WB-WB-34-NH 16N042831","42831"
"railway","111","111","042+831","RHS","42831-02","NH 16 ","WB-WB-34-NH 16N042831","42831"
"railway","112","112","024+025","LHS","24025-01","NH-16","WB-WB-34-NH-16N024025","24025"
"railway","113","113","024+025","RHS","24025-02","NH-16","WB-WB-34-NH-16N024025","24025"
"railway","114","114","026+371","LHS","26371-01","NH-16","WB-WB-34-NH-16N026371","26371"
"railway","115","115","026+371","RHS","26371-02","NH-16","WB-WB-34-NH-16N026371","26371"
"railway","116","116","028+620","LHS","28620-01","NH 16","WB-WB-34-NH 16N028620","28620"
"railway","117","117","028+620","RHS","28620-02","NH 16","WB-WB-34-NH 16N028620","28620"
"railway","118","118","033+821","LHS","33821-01","NH 16","WB-WB-34-NH 16N033821","33821"
"railway","119","119","033+821","RHS","33821-02","NH 16","WB-WB-34-NH 16N033821","33821"
"railway","120","120","035+449","LHS","35449-01","NH-16","WB-WB-34-NH-16N035449","35449"
"railway","121","121","035+449","RHS","35449-02","NH-16","WB-WB-34-NH-16N035449","35449"
"railway","122","122","020+202","LHS","20202-01","NH-16","WB-WB-34-NH-16N020202","20202"
"railway","123","123","020+202","RHS","20202-02","NH-16","WB-WB-34-NH-16N020202","20202"
"railway","124","124","034+802","LHS","34802-01","NH-16","WB-WB-34-NH-16N034802","34802"
"railway","125","125","034+802","RHS","34802-02","NH-16","WB-WB-34-NH-16N034802","34802"
"railway","126","126","056+546","LHS","56546-01","NH-16","WB-WB-34-NH-16N056546","56546"
"railway","127","127","056+546","RHS","56546-02","NH-16","WB-WB-34-NH-16N056546","56546"
"railway","128","128","059+070","LHS","59070-01","NH-16","WB-WB-34-NH-16N059070","59070"
"railway","129","129","059+070","RHS","59070-02","NH-16","WB-WB-34-NH-16N059070","59070"
"railway","130","130","057+294","LHS","57294-01","NH-16","WB-WB-34-NH-16N057294","57294"
"railway","131","131","057+294","RHS","57294-02","NH-16","WB-WB-34-NH-16N057294","57294"
"railway","132","132","045+055","LHS","45055-01","NH 16","WB-WB-34-NH 16N045055","45055"
"railway","133","133","045+055","RHS","45055-02","NH 16","WB-WB-34-NH 16N045055","45055"
"railway","134","134","064+067","LHS","64067-01","NH-16","WB-WB-34-NH-16N064067","64067"
"railway","135","135","064+067","RHS","64067-02","NH-16","WB-WB-34-NH-16N064067","64067"
"railway","136","136","058+076","LHS","58076-01","NH-16","WB-WB-34-NH-16N058076","58076"
"railway","137","137","057+883","RHS","57883-02","NH-16","WB-WB-34-NH-16N057883","57883"
"railway","138","138","057+938","RHS","57938-02","NH-16","WB-WB-34-NH-16N057938","57938"
"railway","139","139","058+099","RHS","58099-02","NH-16","WB-WB-34-NH-16N058099","58099"
"railway","140","140","058+360","RHS","58360-02","NH-16","WB-WB-34-NH-16N058360","58360"
"railway","141","141","020+644","LHS","20644-01","NH-16","WB-WB-34-NH-16N020644","20644"
"railway","142","142","020+644","RHS","20644-02","NH-16","WB-WB-34-NH-16N020644","20644"
"railway","143","143","067+363","LHS","67363-01","NH-16","WB-WB-34-NH-16N067363","67363"
"railway","144","144","047+317","LHS","47317-01","NH-16","WB-WB-34-NH-16N047317","47317"
"railway","145","145","047+317","RHS","47317-02","NH-16","WB-WB-34-NH-16N047317","47317"
"railway","146","146","048+575","LHS","48575-01","NH-16","WB-WB-34-NH-16N048575","48575"
"railway","147","147","048+575","RHS","48575-02","NH-16","WB-WB-34-NH-16N048575","48575"
"railway","148","148","608+070","MCW","609/01","NH-27","GJ-GJ-08-NH-27N608070","608070"
"railway","150","150","607+801","MCW","608/01","NH-27","GJ-GJ-08-NH-27N607801","607801"
"railway","152","152","639+205","MCW","640/01","NH-27","GJ-GJ-08-NH-27N639205","639205"
"railway","154","154","608+145","MCW","609/03","NH-27","GJ-GJ-08-NH-27N608145","608145"
"railway","155","155","608+200","MCW","609/5","NH-27","GJ-GJ-08-NH-27N608200","608200"
"railway","158","158","608+250","MCW","609/6","NH-27","GJ-GJ-08-NH-27N608250","608250"
"railway","160","160","609+670","LHS","609670-01","NH-27","GJ-GJ-08-NH-27N609670","609670"
"railway","161","161","609+670","RHS","609670-02","NH-27","GJ-GJ-08-NH-27N609670","609670"
"railway","162","162","608+200","MCW","609/04","NH-27","GJ-GJ-08-NH-27N608200","608200"
"railway","164","164","609+700","MCW","610/4","NH-27","GJ-GJ-08-NH-27N609700","609700"
"railway","165","165","609+700","RHS","609700-02","NH-27","GJ-GJ-08-NH-27N609700","609700"
"railway","166","166","610+000","MCW","610/5","NH-27","GJ-GJ-08-NH-27N610000","610000"
"railway","167","167","610+000","RHS","610000-02","NH-27","GJ-GJ-08-NH-27N610000","610000"
"railway","168","168","611+100","LHS","612/01","NH-27","GJ-GJ-08-NH-27N611100","611100"
"railway","169","169","611+100","RHS","612/01","NH-27","GJ-GJ-08-NH-27N611100","611100"
"railway","170","170","610+060","LHS","610060-01","NH-27","GJ-GJ-08-NH-27N610060","610060"
"railway","171","171","610+060","RHS","610060-02","NH-27","GJ-GJ-08-NH-27N610060","610060"
"railway","172","172","640+810","LHS","640810-01","NH-27","GJ-GJ-08-NH-27N640810","640810"
"railway","173","173","640+810","RHS","640810-02","NH-27","GJ-GJ-08-NH-27N640810","640810"
"railway","174","174","641+150","LHS","641150-01","NH-27","GJ-GJ-08-NH-27N641150","641150"
"railway","175","175","618+460","LHS","619/01","NH-27","GJ-GJ-08-NH-27N618460","618460"
"railway","176","176","641+150","RHS","641150-02","NH-27","GJ-GJ-08-NH-27N641150","641150"
"railway","177","177","618+460","RHS","619/02","NH-27","GJ-GJ-08-NH-27N618460","618460"
"railway","178","178","646+980","LHS","646980-01","NH-27 ","RJ-RJ-24-NH-27N646980","646980"
"railway","179","179","609+620","MCW","610/02","NH-27","GJ-GJ-08-NH-27N609620","609620"
"railway","180","180","646+980","RHS","646980-02","NH-27","RJ-RJ-24-NH-27N646980","646980"
"railway","181","181","609+620","RHS","609620-02","NH-27","GJ-GJ-08-NH-27N609620","609620"
"railway","182","182","614+660","LHS","614660-01","NH-27","GJ-GJ-08-NH-27N614660","614660"
"railway","183","183","612+910","LHS","612910-01","NH-27","GJ-GJ-08-NH-27N612910","612910"
"railway","184","184","614+660","RHS","614660-02","NH-27","GJ-GJ-08-NH-27N614660","614660"
"railway","185","185","615+430","LHS","615430-01","NH-27","GJ-GJ-08-NH-27N615430","615430"
"railway","186","186","612+910","RHS","612910-01","NH-27","GJ-GJ-08-NH-27N612910","612910"
"railway","187","187","615+430","RHS","615430-02","NH-27","GJ-GJ-08-NH-27N615430","615430"
"railway","188","188","620+880","LHS","620880-01","NH-27","GJ-GJ-08-NH-27N620880","620880"
"railway","189","189","620+880","RHS","620880-02","NH-27","GJ-GJ-08-NH-27N620880","620880"
"railway","190","190","619+078","LHS","61978-01","NH-27","GJ-GJ-08-NH-27N619078","61978"
"railway","191","191","619+078","RHS","619078-02","NH-27","GJ-GJ-08-NH-27N619078","61978"
"railway","192","192","648+165","LHS","648165-01","NH-27","RJ-RJ-24-NH-27N648165","648165"
"railway","193","193","648+165","RHS","648165-02","NH-27","RJ-RJ-24-NH-27N648165","648165"
"railway","194","194","623+520","LHS","623520-01","NH-27","GJ-GJ-08-NH-27N623520","623520"
"railway","195","195","623+520","RHS","623520-02","NH-27","GJ-GJ-08-NH-27N623520","623520"
"railway","196","196","649+900","LHS","649900-01","NH-27","RJ-RJ-24-NH-27N649900","649900"
"railway","197","197","649+900","RHS","649900-02","NH-27","RJ-RJ-24-NH-27N649900","649900"
"railway","198","198","624+390","LHS","624390-01","NH-27","GJ-GJ-08-NH-27N624390","624390"
"railway","199","199","624+390","RHS","624390-02","NH-27","GJ-GJ-08-NH-27N624390","624390"
"railway","200","200","067+363","RHS","67363-02","NH-16","WB-WB-34-NH-16N067363","67363"
"railway","201","201","627+700","MCW","628/01","NH-27","GJ-GJ-08-NH-27N627700","627700"
"railway","202","202","627+700","RHS","627700-02","NH-27","GJ-GJ-08-NH-27N627700","627700"
"railway","203","203","992+228","LHS","992228-01","NH 27","AS-AS-16-NH 27N992228","992228"
"railway","204","204","992+228","RHS","992228-02","NH 27","AS-AS-16-NH 27N992228","992228"
"railway","205","205","628+550","MCW","629/2","NH-27","GJ-GJ-08-NH-27N628550","628550"
"railway","207","207","630+090","MCW","631/1","NH-27","GJ-GJ-08-NH-27N630090","630090"
"railway","208","208","630+090","RHS","630090-02","NH-27","GJ-GJ-08-NH-27N630090","630090"
"railway","209","209","649+680","MCW","650/2","NH-27","RJ-RJ-24-NH-27N649680","649680"
"railway","211","211","624+800","LHS","624800-01","NH-27","GJ-GJ-08-NH-27N624800","624800"
"railway","212","212","624+800","RHS","624800-02","NH-27","GJ-GJ-08-NH-27N624800","624800"
"railway","213","213","631+692","LHS","632/01","NH-27","GJ-GJ-08-NH-27N631692","631692"
"railway","214","214","631+692","RHS","632/02","NH-27","GJ-GJ-08-NH-27N631692","631692"
"railway","215","215","629+300","MCW","630/01","NH-27","GJ-GJ-08-NH-27N629300","629300"
"railway","217","217","649+785","MCW","650/03","NH-27","GJ-GJ-08-NH-27N649785","649785"
"railway","219","219","632+740","MCW","633/03","NH-27","GJ-GJ-08-NH-27N632740","632740"
"railway","221","221","637+700","MCW","638/01","NH-27","GJ-GJ-08-NH-27N637700","637700"
"railway","223","223","632+436","LHS","633/01","NH-27","GJ-GJ-08-NH-27N632436","632436"
"railway","224","224","632+436","RHS","633/02","NH-27","GJ-GJ-08-NH-27N632436","632436"
"railway","225","225","633+110","LHS","634/01","NH-27","GJ-GJ-08-NH-27N633110","633111"
"railway","226","226","633+110","RHS","634/02","NH-27","GJ-GJ-08-NH-27N633110","633111"
"railway","227","227","651+797","MCW","652/03","NH-27","GJ-GJ-08-NH-27N651797","651+797"
"railway","229","229","634+996","MCW","635/01","NH-27","GJ-GJ-08-NH-27N634996","634996"
"railway","231","231","659+705","MCW","660/04","NH-27","GJ-GJ-08-NH-27N659705","659+705"
"railway","233","233","635+246","MCW","636/01","NH-27","GJ-GJ-08-NH-27N635246","635246"
"railway","235","235","00005352","","2525","525","AS-AS-03-525N00005352",""
"railway","236","236","647+765","LHS","647765-01","NH-27","GJ-GJ-08-NH-27N647765","647765"
"railway","237","237","647+765","RHS","647765-02","NH-27","GJ-GJ-08-NH-27N647765","647765"
"railway","238","238","676+020","MCW","677/01","NH-27","GJ-GJ-08-NH-27N676020","676020"
"railway","239","239","676+020","RHS","676020-02","NH-27","GJ-GJ-08-NH-27N676020","676020"
"railway","243","243","673+255","MCW","674/01","NH-27","GJ-GJ-08-NH-27N673255","673255"
"railway","244","244","673+255","RHS","673255-02","NH-27","GJ-GJ-08-NH-27N673255","673255"
"railway","245","245","673+945","MCW","674/03","NH-27","GJ-GJ-08-NH-27N673945","673945"
"railway","247","247","672+810","MCW","673/03","NH-27","GJ-GJ-08-NH-27N672810","672810"
"railway","248","248","672+810","RHS","670810-02","NH-27","GJ-GJ-08-NH-27N672810","672810"
"railway","249","249","649+492","MCW","650/01","NH 27","GJ-GJ-08-NH 27N649492","649492"
"railway","251","251","626+768","LHS","627/2","NH 27","GJ-GJ-08-NH 27N626768","626768"