ramsneyv_bms_bridge_id,database_bms_bridge_id,chainage,bridge_side
"1","10001","891+929","LHS"
"2","10002","969+900","LHS"
"3","10003","969+900","LHS"
"4","10004","158+000","LHS"
"5","10005","967+030","LHS"
"6","10006","79+520","LHS"
"7","10007","109+910","LHS"
"8","10008","79+520 MJB","RHS"
"9","10009","79+520 MJB RHS","RHS"
"10","10010","100100","LHS"
"11","10011","100100","LHS"
"12","10012","892+515","LHS"
"13","10013","894+285","LHS"
"14","10014","894+285","RHS"
"15","10015","897+060","LHS"
"16","10016","897+060","RHS"
"17","10017","897+372  LHS    ROB","LHS"
"18","10018","897+372  RHS  ROB","RHS"
"19","10019","898+780","LHS"
"20","10020","898+780","RHS"
"21","10021","899+800","RHS"
"22","10022","899+800","LHS"
"23","10023","901+270","LHS"
"24","10024","902+200","LHS"
"25","10025","926+250","LHS"
"26","10026","902+200","RHS"
"27","10027","926+250","LHS"
"28","10028","901+270","RHS"
"29","10029","926+250","RHS"
"30","10030","950+820","LHS"
"31","10031","950+820","RHS"
"32","10032","929+030","LHS"
"33","10033","914+260","LHS"
"34","10034","1010+420","LHS"
"35","10035","914+260","RHS"
"36","10036","929+030","RHS"
"37","10037","1010+420","RHS"
"38","10038","965+680","LHS"
"39","10039","1010+560","LHS"
"40","10040","965+680","RHS"
"41","10041","938+250","LHS"
"42","10042","1010+560","RHS"
"43","10043","1002+580","LHS"
"44","10044","938+250","RHS"
"45","10045","1002+580","RHS"
"46","10046","1006+100","LHS"
"47","10047","1006+100","RHS"
"48","10048","969+900","LHS"
"49","10049","969+900","RHS"
"50","10050","940+500","LHS"
"51","10051","940+500","RHS"
"52","10052","941+300","LHS"
"53","10053","941+300","RHS"
"54","10054","943+240","RHS"
"55","10055","943+240","LHS"
"56","10056","943+400","LHS"
"57","10057","943+400","RHS"
"58","10058","946+200","LHS"
"59","10059","974+880","LHS"
"60","10060","1016+930","LHS"
"61","10061","946+200","RHS"
"62","10062","946+350","LHS"
"63","10063","974+880","RHS"
"64","10064","1016+930","RHS"
"65","10065","946+350","RHS"
"66","10066","1027+400","LHS"
"67","10067","952+100","LHS"
"68","10068","1027+400","RHS"
"69","10069","952+100","RHS"
"70","10070","906+860","LHS"
"71","10071","906+860","RHS"
"72","10072","1027+740","LHS"
"73","10073","917+750 LHS MNB","LHS"
"74","10074","967+030","LHS"
"75","10075","1027+740","RHS"
"76","10076","916+750","LHS"
"77","10077","967+030","RHS"
"78","10078","1032+420","LHS"
"79","10079","1032+420","RHS"
"80","10080","916+750","RHS"
"81","10081","968+730 LHS","LHS"
"82","10082","1039+200","LHS"
"83","10083","1039+200","RHS"
"84","10084","968+730","RHS"
"85","10085","917+650","LHS"
"86","10086","917+650","RHS"
"87","10087","1039+350","LHS"
"88","10088","1039+350","RHS"
"89","10089","1024+000","LHS"
"90","10090","1024+000","RHS"
"91","10091","975+500","LHS"
"92","10092","975+500","RHS"
"93","10093","917+700","LHS"
"94","10094","897+372","LHS"
"95","10095","917+700","RHS"
"96","10096","897+372","RHS"
"97","10097","930+450","LHS"
"98","10098","930+450","RHS"
"99","10099","917+980","LHS"
"100","10100","917+980","RHS"
"101","10101","920+200","LHS"
"102","10102","920+200","RHS"
"103","10103","922+000","LHS"
"104","10104","922+000","RHS"
"105","10105","924+690","LHS"
"106","10106","924+690","RHS"
"107","10107","1309+500","LHS"
"108","10108","1309+500","RHS"
"109","10109","1310300","LHS"
"110","10110","1310300","RHS"
"111","10111","1342+600","LHS"
"112","10112","1313900","LHS"
"113","10113","1313900","RHS"
"114","10114","905+300","LHS"
"115","10115","905+300","RHS"
"116","10116","1342+600","RHS"
"117","10117","1366+600","LHS"
"118","10118","1366+600","RHS"
"119","10119","000000","LHS"
"120","10120","1367+900","LHS"
"121","10121","1367+900","RHS"
"122","10122","1370900","LHS"
"123","10123","1370900","RHS"
"124","10124","1329+900","LHS"
"125","10125","1329+900","RHS"
"126","10126","1330+900","LHS"
"127","10127","1330+900","RHS"
"128","10128","1015+300","LHS"
"129","10129","1346+500","LHS"
"130","10130","1015+300","RHS"
"131","10131","1022+850","LHS"
"132","10132","1346+500","RHS"
"133","10133","1015+300","RHS"
"134","10134","1022+850","RHS"
"135","10135","1347+800","LHS"
"136","10136","1347+800","RHS"
"137","10137","1359+600","LHS"
"138","10138","1359+600","LHS"
"139","10139","1375400","LHS"
"140","10140","1375400","RHS"
"141","10141","1377900","LHS"
"142","10142","1360+800","LHS"
"143","10143","1377900","RHS"
"144","10144","1360+800","RHS"
"145","10145","123456","LHS"
"146","10146","1010+560","LHS"
"147","10147","1010+560","RHS"
"148","10148","1010+560 SR","LHS"
"149","10149","1010+560 SR","RHS"
"150","10150","12345","LHS"
"151","10151","1010+420 SR","RHS"
"152","10152","123456","LHS"
"153","10153","1010+420 SR","LHS"
"154","10154","1016+930 SR","RHS"
"155","10155","1016+930 SR","LHS"
"156","10156","0089358","LHS"
"157","10157","100100","LHS"
"158","10158","1234567","LHS"
"159","10159","0094350","LHS"
"160","10160","0094350","RHS"
"161","10161","0099626","LHS"
"162","10162","0099626","RHS"
"163","10163","0169391","LHS"
"164","10164","0169391","RHS"
"165","10165","0159015","LHS"
"166","10166","0159015","RHS"
"167","10167","0157718","LHS"
"168","10168","0157718","RHS"
"169","10169","0153379","LHS"
"170","10170","0153379","RHS"
"171","10171","0148912","LHS"
"172","10172","0148912","RHS"
"173","10173","0147580","LHS"
"174","10174","0147580","RHS"
"175","10175","0137895","LHS"
"176","10176","0137895","RHS"
"177","10177","0133225","LHS"
"178","10178","0133225","RHS"
"179","10179","0130147","LHS"
"180","10180","0130147",""
"181","10181","0130147","LHS"
"182","10182","0130147","RHS"
"183","10183","0094350","SR-R2"
"184","10184","0128840","LHS"
"185","10185","0128840","RHS"
"186","10186","0115504","LHS"
"187","10187","0115504","RHS"
"188","10188","0067289","SR-RHS"
"189","10189","0041792","LHS"
"190","10190","0067289","SR-LHS"
"191","10191","0041792","RHS"
"192","10192","0051539","LHS"
"193","10193","0051539","RHS"
"194","10194","0089358","LHS"
"195","10195","0043526","LHS"
"196","10196","0053639","LHS"
"197","10197","0089358","RHS"
"198","10198","0098084","LHS"
"199","10199","0068684","LHS"
"200","10200","0098084","RHS"
"201","10201","0068684","RHS"
"202","10202","0098492","LHS"
"203","10203","0098492","RHS"
"204","10204","0100920","LHS"
"205","10205","0100920","RHS"
"206","10206","0070360","LHS"
"207","10207","0070360","RHS"
"208","10208","0102837","LHS"
"209","10209","0102837","RHS"
"210","10210","0106505","LHS"
"211","10211","0043526","RHS"
"212","10212","0078075","SR-LHS"
"213","10213","0103687","RHS"
"214","10214","0078075","SR-RHS"
"215","10215","123+125","LHS"
"216","10216","0103687","LHS"
"217","10217","175+200","LHS"
"218","10218","0045414","LHS"
"219","10219","0081809","LHS"
"220","10220","0081809","RHS"
"221","10221","0045414","RHS"
"222","10222","0046391","LHS"
"223","10223","0046391","RHS"
"224","10224","0053639","RHS"
"225","10225","0048015","LHS"
"226","10226","0048015","RHS"
"227","10227","0129257","LHS"
"228","10228","0129257","RHS"
"229","10229","0129875","LHS"
"230","10230","0129875","RHS"
"231","10231","0055792","LHS"
"232","10232","0084736","LHS"
"233","10233","0084736","RHS"
"234","10234","0055792","RHS"
"235","10235","0106505","LHS"
"236","10236","0057272","LHS"
"237","10237","0057272","RHS"
"238","10238","0059945","LHS"
"239","10239","0059945","RHS"
"240","10240","0060623","LHS"
"241","10241","0084736","LHS-1"
"242","10242","0087304","LHS"
"243","10243","0087304","RHS"
"244","10244","0060623","RHS"
"245","10245","0111690",""
"246","10246","0061126","LHS"
"247","10247","0061126","RHS"
"248","10248","0065875","LHS"
"249","10249","0065875","RHS"
"250","10250","0166147","LHS"
"251","10251","0166147","RHS"
"252","10252","0169143","LHS"
"253","10253","0169143","RHS"
"254","10254","0170504","LHS"
"255","10255","0170504","RHS"
"256","10256","0172883","LHS"
"257","10257","0172883","RHS"
"258","10258","0174626","LHS"
"259","10259","0037418","LHS"
"260","10260","0037418","RHS"
"261","10261","0076371","LHS"
"262","10262","0076371","RHS"
"263","10263","0173522","LHS"
"264","10264","0173522","RHS"
"265","10265","1002",""
"266","10266","1002",""
"267","10267","1002",""
"268","10268","1002",""
"269","10269","0106505","RHS"
"270","10270","0110655","LHS"
"271","10271","0110655","RHS"
"272","10272","0151235","LHS"
"273","10273","0151235","RHS"
"274","10274","0152298","LHS"
"275","10275","0115504",""
"276","10276","9",""
"277","10277","0174626","RHS"
"278","10278","9",""
"279","10279","MJB 28+072","LHS"
"280","10280","0111690","LHS"
"281","10281","9",""
"282","10282","0111690","RHS"
"283","10283","0000122",""
"284","10284","0152298","RHS"
"285","10285","0154683","LHS"
"286","10286","0113913","LHS"
"287","10287","0113913","RHS"
"288","10288","0114928","LHS"
"289","10289","0114928","RHS"
"290","10290","0118280","LHS"
"291","10291","0118280","RHS"
"292","10292","0123310","LHS"
"293","10293","0123310","RHS"
"294","10294","0094486","LHS"
"295","10295","0094486","RHS"
"296","10296","0124278","LHS"
"297","10297","0124278","RHS"
"298","10298","0001839","LHS"
"299","10299","0000054","LHS-1"
"300","10300","0001839","RHS"
"301","10301","0000287","LHS"
"302","10302","0003142","LHS"
"303","10303","0003142","RHS"
"304","10304","0003640","LHS"
"305","10305","0000287","RHS"
"306","10306","0003640","RHS"
"307","10307","0008954","LHS"
"308","10308","0008954","RHS"
"309","10309","0009413","LHS-1"
"310","10310","0009413","RHS-1"
"311","10311","0013490","LHS"
"312","10312","0013490","RHS"
"313","10313","0023390","LHS"
"314","10314","0023390","RHS"
"315","10315","0032800","LHS"
"316","10316","0028072","LHS"
"317","10317","0028072","RHS"
"318","10318","0004190","LHS"
"319","10319","0004190","RHS"
"320","10320","0005597","LHS"
"321","10321","0013700","LHS"
"322","10322","0005597","RHS"
"323","10323","0006800","RHS"
"324","10324","0128640","LHS"
"325","10325","0006800","LHS"
"326","10326","0013700","RHS"
"327","10327","0128640","RHS"
"328","10328","0134150","LHS"
"329","10329","0011448","LHS"
"330","10330","0011448","RHS"
"331","10331","0134150","RHS"
"332","10332","0012718","LHS"
"333","10333","0012718","RHS"
"334","10334","0017660","LHS"
"335","10335","0017660","RHS"
"336","10336","0028981","LHS"
"337","10337","0028981","RHS"
"338","10338","0137685","LHS"
"339","10339","0031547","LHS"
"340","10340","0031547","RHS"
"341","10341","0137685","RHS"
"342","10342","0141000","LHS"
"343","10343","0141000","RHS"
"344","10344","0141970","LHS"
"345","10345","0141970","RHS"
"346","10346","0142410","LHS"
"347","10347","0142410","RHS"
"348","10348","0145290","LHS"
"349","10349","0145290","RHS"
"350","10350","0158704","LHS"
"351","10351","0158704","RHS"
"352","10352","0162091","LHS"
"353","10353","0162091","RHS"
"354","10354","0162724","LHS"
"355","10355","0162724","RHS"
"356","10356","0164567","LHS"
"357","10357","0164567","RHS"
"358","10358","0165169","LHS"
"359","10359","0165169","RHS"
"360","10360","0031070","LHS"
"361","10361","0031070","RHS"
"362","10362","0079520","LHS"
"363","10363","0080154","LHS"
"364","10364","0080154","RHS"
"365","10365","0049770","LHS"
"366","10366","0074493","LHS"
"367","10367","0074493","RHS"
"368","10368","0049770","RHS"
"369","10369","0058555","LHS"
"370","10370","0058555","RHS"
"371","10371","0079520","RHS"
"372","10372","0079868","RHS"
"373","10373","0139465","RHS"
"374","10374","0113081","LHS"
"375","10375","0113081","RHS"
"376","10376","0132750","LHS"
"377","10377","0132750","RHS"
"378","10378","0141095","LHS"
"379","10379","0141095","RHS"
"380","10380","0149640","LHS"
"381","10381","0149640","RHS"
"382","10382","0109770","LHS"
"383","10383","0109770","RHS"
"384","10384","0160337","LHS"
"385","10385","0160337","RHS"
"386","10386","0169640","LHS"
"387","10387","0169640","RHS"
"388","10388","0089076","LHS"
"389","10389","0089076","RHS"
"390","10390","0154683","RHS"
"391","10391","0157161","LHS"
"392","10392","0157161","RHS"
"393","10393","0000009","LHS-4"
"394","10394","0123456","LHS"
"395","10395","0109910","LHS-3"
"396","10396","0856302","LHS"
"397","10397","0067095",""
"398","10398","0123456","LHS"
"399","10399","0856302","LHS-4"
"400","10400","0077855","LHS"
"401","10401","0077855","RHS"
"402","10402","0076635","LHS"
"403","10403","0076635","RHS"
"404","10404","0624800","LHS"
"405","10405","0012345","RHS"
"406","10406","0621822","LHS"
"407","10407","0624800","RHS"
"408","10408","0621822","RHS"
"409","10409","1351700","LHS"
"410","10410","1351700","RHS"
"411","10411","1341800","LHS"
"412","10412","1341800","RHS"
"413","10413","1320000","LHS"
"414","10414","1320000","RHS"
"415","10415","0067289","LHS"
"699","10699","0000744",""
"705","10705","606+100","MCW"
"706","10706","0001000","LHS"
"707","10707","0079520","LHS"
"708","10708","0067095","LHS"
"709","10709","0067095","RHS"
"710","10710","0074292","LHS"
"711","10711","0074292","RHS"
"712","10712","0074732","LHS"
"713","10713","0074732","RHS"
"714","10714","0076117","LHS"
"715","10715","0076117","RHS"
"716","10716","0076635","LHS"
"717","10717","0076635","RHS"
"718","10718","0082717","LHS"
"719","10719","0082717","RHS"
"720","10720","0084996","LHS"
"721","10721","0084996","RHS"
"722","10722","0090005","LHS"
"723","10723","0090005","RHS"
"724","10724","0105115","LHS"
"725","10725","0105115","RHS"
"726","10726","0038483","MCW"
"727","10727","0038908","MCW"
"728","10728","0039249","MCW"
"729","10729","0039624","MCW"
"730","10730","0040262","MCW"
"731","10731","0004026","LHS"
"732","10732","0174775","MCW"
"733","10733","0040996","MCW"
"734","10734","0041016","MCW"
"735","10735","0042335","MCW"
"736","10736","0042387","MCW"
"737","10737","0043081","MCW"
"738","10738","0043116","MCW"
"739","10739","0045985","MCW"
"740","10740","0046874","MCW"
"741","10741","0047100","MCW"
"742","10742","0048720","MCW"
"743","10743","0050017","MCW"
"744","10744","0051180","MCW"
"745","10745","0056122","MCW"
"746","10746","0057155","MCW"
"747","10747","0059182","MCW"
"748","10748","0061789","MCW"
"749","10749","0123254",""
"750","10750","0123254",""
"751","10751","0062442","MCW"
"752","10752","0063168","MCW"
"753","10753","8888888",""
"754","10754","0064144","MCW"
"755","10755","0064883","MCW"
"756","10756","0066224","MCW"
"757","10757","0068950","MCW"
"758","10758","0069506","MCW"
"759","10759","0070135","MCW"
"760","10760","0070605","MCW"
"761","10761","0071317","MCW"
"762","10762","0071614","MCW"
"763","10763","0072427","MCW"
"764","10764","0073785","MCW"
"765","10765","0075727","MCW"
"766","10766","0077106","MCW"
"767","10767","0082214","MCW"
"768","10768","0082570","MCW"
"769","10769","0082890","MCW"
"770","10770","0083092","MCW"
"771","10771","0086216","MCW"
"772","10772","0086536","SR-RHS"
"773","10773","0086981","SR-RHS"
"774","10774","0090770","MCW"
"775","10775","0091721","MCW"
"776","10776","0093137","MCW"
"777","10777","0093985","MCW"
"778","10778","0095345","MCW"
"779","10779","0095914","MCW"
"780","10780","0097267","MCW"
"781","10781","0099135","MCW"
"782","10782","0100121","MCW"
"783","10783","0102111","MCW"
"784","10784","0102336","MCW"
"785","10785","0105494","MCW"
"786","10786","0105721","MCW"
"787","10787","0111095","MCW"
"788","10788","0111349","MCW"
"789","10789","0111857","MCW"
"790","10790","0116106","MCW"
"791","10791","0116900","MCW"
"792","10792","0107608","MCW"
"793","10793","0118305","MCW"
"794","10794","0119509","MCW"
"795","10795","0119935","MCW"
"796","10796","0121200","MCW"
"797","10797","0121934","MCW"
"798","10798","0122122","MCW"
"799","10799","0124917","MCW"
"800","10800","0125160","MCW"
"801","10801","0125615","MCW"
"802","10802","0126247","MCW"
"803","10803","0126612","MCW"
"804","10804","0127180","MCW"
"805","10805","0128055","MCW"
"806","10806","0130442","MCW"
"807","10807","0130662","MCW"
"808","10808","0130892","MCW"
"809","10809","0131440","MCW"
"810","10810","0132550","MCW"
"811","10811","0134395","MCW"
"812","10812","0135057","MCW"
"813","10813","0135596","MCW"
"814","10814","0135757","MCW"
"815","10815","0138210","MCW"
"816","10816","0138655","MCW"
"817","10817","0138920","MCW"
"818","10818","0138920","MCW"
"819","10819","0139735","MCW"
"820","10820","0140210","MCW"
"821","10821","0141570","MCW"
"822","10822","0141925","MCW"
"823","10823","0142170","MCW"
"824","10824","0143370","MCW"
"825","10825","0144006","MCW"
"826","10826","0144645","MCW"
"827","10827","0144940","MCW"
"828","10828","0145035","MCW"
"829","10829","0145670","MCW"
"830","10830","0145937","MCW"
"831","10831","0146205","MCW"
"832","10832","0146670","MCW"
"833","10833","0147032","MCW"
"834","10834","0147545","MCW"
"835","10835","0147940","MCW"
"836","10836","0148390","MCW"
"837","10837","0148507","MCW"
"838","10838","0148951","MCW"
"839","10839","0149970","MCW"
"840","10840","0150110","MCW"
"841","10841","0150250","MCW"
"842","10842","0151705","MCW"
"843","10843","0153525","MCW"
"844","10844","0155000","MCW"
"845","10845","0155464","MCW"
"846","10846","0157371","MCW"
"847","10847","0157679","MCW"
"848","10848","0159152","MCW"
"849","10849","0160033","MCW"
"850","10850","0160514","MCW"
"851","10851","0160579","MCW"
"852","10852","0161005","MCW"
"853","10853","0161580","MCW"
"854","10854","0161778","MCW"
"855","10855","0162309","MCW"
"856","10856","0163691","MCW"
"857","10857","0164145","MCW"
"858","10858","0167775","MCW"
"859","10859","0168421","MCW"
"860","10860","0169276","MCW"
"861","10861","0170049","MCW"
"862","10862","0172162","MCW"
"863","10863","0173600","MCW"
"864","10864","0174217","MCW"
"865","10865","0174375","MCW"
"866","10866","0174445","MCW"
"867","10867","0174445","MCW"
"868","10868","0174775","MCW"
"869","10869","0621822",""